ImageName,Distance
2025-07-01_23-12-36_Screenshot_0.png,1.147651
2025-07-01_23-12-36_Screenshot_1.png,2.722906
2025-07-01_23-12-36_Screenshot_2.png,2.566345
2025-07-01_23-12-36_Screenshot_3.png,1.257755
2025-07-01_23-12-36_Screenshot_4.png,1.055703
2025-07-01_23-12-36_Screenshot_5.png,2.366467
2025-07-01_23-12-36_Screenshot_6.png,2.343603
2025-07-01_23-12-36_Screenshot_7.png,2.444839
2025-07-01_23-12-36_Screenshot_8.png,2.966712
2025-07-01_23-12-36_Screenshot_9.png,2.032414
2025-07-01_23-12-36_Screenshot_10.png,1.495645
2025-07-01_23-12-36_Screenshot_11.png,2.671852
2025-07-01_23-12-36_Screenshot_12.png,1.424971
2025-07-01_23-12-36_Screenshot_13.png,1.601458
2025-07-01_23-12-36_Screenshot_14.png,1.071195
2025-07-01_23-12-36_Screenshot_15.png,1.275819
2025-07-01_23-12-36_Screenshot_16.png,0.5578582
2025-07-01_23-12-36_Screenshot_17.png,1.675481
2025-07-01_23-12-36_Screenshot_18.png,1.738973
2025-07-01_23-12-36_Screenshot_19.png,2.130499
2025-07-01_23-12-36_Screenshot_20.png,1.718384
2025-07-01_23-12-36_Screenshot_21.png,1.128757
2025-07-01_23-12-36_Screenshot_22.png,2.600325
2025-07-01_23-12-36_Screenshot_23.png,1.355283
2025-07-01_23-12-36_Screenshot_24.png,1.623293
2025-07-01_23-12-36_Screenshot_25.png,0.8553766
2025-07-01_23-12-36_Screenshot_26.png,2.987113
2025-07-01_23-12-36_Screenshot_27.png,1.901986
2025-07-01_23-12-36_Screenshot_28.png,2.12595
2025-07-01_23-12-36_Screenshot_29.png,2.048922
2025-07-01_23-12-36_Screenshot_30.png,2.293828
2025-07-01_23-12-36_Screenshot_31.png,1.498937
2025-07-01_23-12-36_Screenshot_32.png,1.106698
2025-07-01_23-12-36_Screenshot_33.png,2.403468
2025-07-01_23-12-36_Screenshot_34.png,2.412057
2025-07-01_23-12-36_Screenshot_35.png,1.147686
2025-07-01_23-12-36_Screenshot_36.png,1.132538
2025-07-01_23-12-36_Screenshot_37.png,2.796201
2025-07-01_23-12-36_Screenshot_38.png,1.296978
2025-07-01_23-12-36_Screenshot_39.png,1.118846
2025-07-01_23-12-36_Screenshot_40.png,1.796941
2025-07-01_23-12-36_Screenshot_41.png,1.113357
2025-07-01_23-12-36_Screenshot_42.png,2.198273
2025-07-01_23-12-36_Screenshot_43.png,1.956614
2025-07-01_23-12-36_Screenshot_44.png,1.327237
2025-07-01_23-12-36_Screenshot_45.png,2.520751
2025-07-01_23-12-36_Screenshot_46.png,1.122007
2025-07-01_23-12-36_Screenshot_47.png,0.6369274
2025-07-01_23-12-36_Screenshot_48.png,1.533509
2025-07-01_23-12-36_Screenshot_49.png,2.632111
2025-07-01_23-12-36_Screenshot_50.png,1.538106
2025-07-01_23-12-36_Screenshot_51.png,2.911091
2025-07-01_23-12-36_Screenshot_52.png,2.853806
2025-07-01_23-12-36_Screenshot_53.png,0.624675
2025-07-01_23-12-36_Screenshot_54.png,0.9080549
2025-07-01_23-12-36_Screenshot_55.png,2.351999
2025-07-01_23-12-36_Screenshot_56.png,1.168674
2025-07-01_23-12-36_Screenshot_57.png,0.536591
2025-07-01_23-12-36_Screenshot_58.png,1.946005
2025-07-01_23-12-36_Screenshot_59.png,1.512603
2025-07-01_23-12-36_Screenshot_60.png,1.434197
2025-07-01_23-12-36_Screenshot_61.png,1.603686
2025-07-01_23-12-36_Screenshot_62.png,2.834393
2025-07-01_23-12-36_Screenshot_63.png,0.8004038
2025-07-01_23-12-36_Screenshot_64.png,2.639098
2025-07-01_23-12-36_Screenshot_65.png,1.643402
2025-07-01_23-12-36_Screenshot_66.png,2.044102
2025-07-01_23-12-36_Screenshot_67.png,2.902208
2025-07-01_23-12-36_Screenshot_68.png,0.5914839
2025-07-01_23-12-36_Screenshot_69.png,0.8161675
2025-07-01_23-12-36_Screenshot_70.png,1.515573
2025-07-01_23-12-36_Screenshot_71.png,0.7211556
2025-07-01_23-12-36_Screenshot_72.png,1.323881
2025-07-01_23-12-36_Screenshot_73.png,0.7968043
2025-07-01_23-12-36_Screenshot_74.png,1.349521
2025-07-01_23-12-36_Screenshot_75.png,1.592735
2025-07-01_23-12-36_Screenshot_76.png,1.430255
2025-07-01_23-12-36_Screenshot_77.png,2.070828
2025-07-01_23-12-36_Screenshot_78.png,2.021421
2025-07-01_23-12-36_Screenshot_79.png,1.873569
2025-07-01_23-12-36_Screenshot_80.png,2.638321
2025-07-01_23-12-36_Screenshot_81.png,2.175283
2025-07-01_23-12-36_Screenshot_82.png,2.790177
2025-07-01_23-12-36_Screenshot_83.png,2.057864
2025-07-01_23-12-36_Screenshot_84.png,2.427583
2025-07-01_23-12-36_Screenshot_85.png,2.24738
2025-07-01_23-12-36_Screenshot_86.png,0.7560654
2025-07-01_23-12-36_Screenshot_87.png,1.979369
2025-07-01_23-12-36_Screenshot_88.png,1.116373
2025-07-01_23-12-36_Screenshot_89.png,2.80713
2025-07-01_23-12-36_Screenshot_90.png,0.7831042
2025-07-01_23-12-36_Screenshot_91.png,1.159974
2025-07-01_23-12-36_Screenshot_92.png,1.969393
2025-07-01_23-12-36_Screenshot_93.png,0.6428953
2025-07-01_23-12-36_Screenshot_94.png,0.5255489
2025-07-01_23-12-36_Screenshot_95.png,1.593296
2025-07-01_23-12-36_Screenshot_96.png,1.814558
2025-07-01_23-12-36_Screenshot_97.png,1.284689
2025-07-01_23-12-36_Screenshot_98.png,0.5605926
2025-07-01_23-12-36_Screenshot_99.png,1.209857
2025-07-01_23-12-36_Screenshot_100.png,0.868309
2025-07-01_23-12-36_Screenshot_101.png,2.657974
2025-07-01_23-12-36_Screenshot_102.png,2.058882
2025-07-01_23-12-36_Screenshot_103.png,0.5826207
2025-07-01_23-12-36_Screenshot_104.png,2.47083
2025-07-01_23-12-36_Screenshot_105.png,2.632987
2025-07-01_23-12-36_Screenshot_106.png,2.45358
2025-07-01_23-12-36_Screenshot_107.png,2.099137
2025-07-01_23-12-36_Screenshot_108.png,2.520363
2025-07-01_23-12-36_Screenshot_109.png,1.669178
2025-07-01_23-12-36_Screenshot_110.png,1.125211
2025-07-01_23-12-36_Screenshot_111.png,0.6173523
2025-07-01_23-12-36_Screenshot_112.png,1.197372
2025-07-01_23-12-36_Screenshot_113.png,2.032184
2025-07-01_23-12-36_Screenshot_114.png,0.5149363
2025-07-01_23-12-36_Screenshot_115.png,1.673869
2025-07-01_23-12-36_Screenshot_116.png,2.098725
2025-07-01_23-12-36_Screenshot_117.png,2.169483
2025-07-01_23-12-36_Screenshot_118.png,1.972361
2025-07-01_23-12-36_Screenshot_119.png,0.8266755
2025-07-01_23-12-36_Screenshot_120.png,2.795351
2025-07-01_23-12-36_Screenshot_121.png,1.24734
2025-07-01_23-12-36_Screenshot_122.png,2.094165
2025-07-01_23-12-36_Screenshot_123.png,1.344447
2025-07-01_23-12-36_Screenshot_124.png,2.084967
2025-07-01_23-12-36_Screenshot_125.png,2.777085
2025-07-01_23-12-36_Screenshot_126.png,0.7834859
2025-07-01_23-12-36_Screenshot_127.png,1.133749
2025-07-01_23-12-36_Screenshot_128.png,1.26298
2025-07-01_23-12-36_Screenshot_129.png,2.709415
2025-07-01_23-12-36_Screenshot_130.png,2.361684
2025-07-01_23-12-36_Screenshot_131.png,2.303112
2025-07-01_23-12-36_Screenshot_132.png,2.543018
2025-07-01_23-12-36_Screenshot_133.png,1.704448
2025-07-01_23-12-36_Screenshot_134.png,0.8332207
2025-07-01_23-12-36_Screenshot_135.png,1.393625
2025-07-01_23-12-36_Screenshot_136.png,1.031389
2025-07-01_23-12-36_Screenshot_137.png,1.59498
2025-07-01_23-12-36_Screenshot_138.png,0.8926432
2025-07-01_23-12-36_Screenshot_139.png,2.447805
2025-07-01_23-12-36_Screenshot_140.png,2.0479
2025-07-01_23-12-36_Screenshot_141.png,2.753857
2025-07-01_23-12-36_Screenshot_142.png,2.161026
2025-07-01_23-12-36_Screenshot_143.png,0.6518211
2025-07-01_23-12-36_Screenshot_144.png,1.210243
2025-07-01_23-12-36_Screenshot_145.png,2.182031
2025-07-01_23-12-36_Screenshot_146.png,1.008283
2025-07-01_23-12-36_Screenshot_147.png,1.767054
2025-07-01_23-12-36_Screenshot_148.png,1.65439
2025-07-01_23-12-36_Screenshot_149.png,2.794733
2025-07-01_23-12-36_Screenshot_150.png,1.879213
2025-07-01_23-12-36_Screenshot_151.png,1.473161
2025-07-01_23-12-36_Screenshot_152.png,1.245427
2025-07-01_23-12-36_Screenshot_153.png,0.6116377
2025-07-01_23-12-36_Screenshot_154.png,2.919111
2025-07-01_23-12-36_Screenshot_155.png,1.674813
2025-07-01_23-12-36_Screenshot_156.png,1.932163
2025-07-01_23-12-36_Screenshot_157.png,2.080316
2025-07-01_23-12-36_Screenshot_158.png,1.382828
2025-07-01_23-12-36_Screenshot_159.png,1.448253
2025-07-01_23-12-36_Screenshot_160.png,0.5049496
2025-07-01_23-12-36_Screenshot_161.png,2.930749
2025-07-01_23-12-36_Screenshot_162.png,2.479903
2025-07-01_23-12-36_Screenshot_163.png,2.635878
2025-07-01_23-12-36_Screenshot_164.png,2.912804
2025-07-01_23-12-36_Screenshot_165.png,2.373212
2025-07-01_23-12-36_Screenshot_166.png,1.66872
2025-07-01_23-12-36_Screenshot_167.png,0.5903532
2025-07-01_23-12-36_Screenshot_168.png,2.21088
2025-07-01_23-12-36_Screenshot_169.png,0.9498646
2025-07-01_23-12-36_Screenshot_170.png,0.8173649
2025-07-01_23-12-36_Screenshot_171.png,1.749086
2025-07-01_23-12-36_Screenshot_172.png,2.844642
2025-07-01_23-12-36_Screenshot_173.png,2.381151
2025-07-01_23-12-36_Screenshot_174.png,1.706881
2025-07-01_23-12-36_Screenshot_175.png,0.8073588
2025-07-01_23-12-36_Screenshot_176.png,2.734159
2025-07-01_23-12-36_Screenshot_177.png,2.452085
2025-07-01_23-12-36_Screenshot_178.png,0.9805261
2025-07-01_23-12-36_Screenshot_179.png,1.674566
2025-07-01_23-12-36_Screenshot_180.png,0.8033221
2025-07-01_23-12-36_Screenshot_181.png,1.576186
2025-07-01_23-12-36_Screenshot_182.png,0.5136405
2025-07-01_23-12-36_Screenshot_183.png,1.572149
2025-07-01_23-12-36_Screenshot_184.png,1.246208
2025-07-01_23-12-36_Screenshot_185.png,2.491006
2025-07-01_23-12-36_Screenshot_186.png,1.5833
2025-07-01_23-12-36_Screenshot_187.png,0.7976182
2025-07-01_23-12-36_Screenshot_188.png,2.767957
2025-07-01_23-12-36_Screenshot_189.png,1.180048
2025-07-01_23-12-36_Screenshot_190.png,0.9701772
2025-07-01_23-12-36_Screenshot_191.png,1.733233
2025-07-01_23-12-36_Screenshot_192.png,2.899582
2025-07-01_23-12-36_Screenshot_193.png,2.999073
2025-07-01_23-12-36_Screenshot_194.png,2.022777
2025-07-01_23-12-36_Screenshot_195.png,2.851678
2025-07-01_23-12-36_Screenshot_196.png,2.133414
2025-07-01_23-12-36_Screenshot_197.png,1.600373
2025-07-01_23-12-36_Screenshot_198.png,1.728615
2025-07-01_23-12-36_Screenshot_199.png,1.168582
2025-07-01_23-12-36_Screenshot_200.png,0.9557434
2025-07-01_23-12-36_Screenshot_201.png,2.628339
2025-07-01_23-12-36_Screenshot_202.png,2.704458
2025-07-01_23-12-36_Screenshot_203.png,2.044424
2025-07-01_23-12-36_Screenshot_204.png,1.392892
2025-07-01_23-12-36_Screenshot_205.png,1.994631
2025-07-01_23-12-36_Screenshot_206.png,1.89545
2025-07-01_23-12-36_Screenshot_207.png,2.964672
2025-07-01_23-12-36_Screenshot_208.png,2.390871
2025-07-01_23-12-36_Screenshot_209.png,1.425278
2025-07-01_23-12-36_Screenshot_210.png,2.893798
2025-07-01_23-12-36_Screenshot_211.png,0.7569124
2025-07-01_23-12-36_Screenshot_212.png,1.25262
2025-07-01_23-12-36_Screenshot_213.png,1.041492
2025-07-01_23-12-36_Screenshot_214.png,1.922823
2025-07-01_23-12-36_Screenshot_215.png,1.524722
2025-07-01_23-12-36_Screenshot_216.png,1.345476
2025-07-01_23-12-36_Screenshot_217.png,2.029659
2025-07-01_23-12-36_Screenshot_218.png,1.37107
2025-07-01_23-12-36_Screenshot_219.png,1.59617
2025-07-01_23-12-36_Screenshot_220.png,2.056635
2025-07-01_23-12-36_Screenshot_221.png,0.8542733
2025-07-01_23-12-36_Screenshot_222.png,1.203805
2025-07-01_23-12-36_Screenshot_223.png,1.162714
2025-07-01_23-12-36_Screenshot_224.png,1.170101
2025-07-01_23-12-36_Screenshot_225.png,0.9807717
2025-07-01_23-12-36_Screenshot_226.png,2.619182
2025-07-01_23-12-36_Screenshot_227.png,2.634679
2025-07-01_23-12-36_Screenshot_228.png,2.073516
2025-07-01_23-12-36_Screenshot_229.png,2.67779
2025-07-01_23-12-36_Screenshot_230.png,2.17074
2025-07-01_23-12-36_Screenshot_231.png,2.515925
2025-07-01_23-12-36_Screenshot_232.png,1.826024
2025-07-01_23-12-36_Screenshot_233.png,0.948375
2025-07-01_23-12-36_Screenshot_234.png,2.839978
2025-07-01_23-12-36_Screenshot_235.png,0.9928729
2025-07-01_23-12-36_Screenshot_236.png,0.9616553
2025-07-01_23-12-36_Screenshot_237.png,2.730072
2025-07-01_23-12-36_Screenshot_238.png,2.661028
2025-07-01_23-12-36_Screenshot_239.png,1.285956
2025-07-01_23-12-36_Screenshot_240.png,2.293968
2025-07-01_23-12-36_Screenshot_241.png,0.5688404
2025-07-01_23-12-36_Screenshot_242.png,2.60283
2025-07-01_23-12-36_Screenshot_243.png,2.022358
2025-07-01_23-12-36_Screenshot_244.png,1.126769
2025-07-01_23-12-36_Screenshot_245.png,2.282788
2025-07-01_23-12-36_Screenshot_246.png,0.8676265
2025-07-01_23-12-36_Screenshot_247.png,2.758042
2025-07-01_23-12-36_Screenshot_248.png,0.8903359
2025-07-01_23-12-36_Screenshot_249.png,2.9278
2025-07-01_23-12-36_Screenshot_250.png,0.5806734
2025-07-01_23-12-36_Screenshot_251.png,0.5095916
2025-07-01_23-12-36_Screenshot_252.png,1.052456
2025-07-01_23-12-36_Screenshot_253.png,2.009269
2025-07-01_23-12-36_Screenshot_254.png,0.757962
2025-07-01_23-12-36_Screenshot_255.png,2.967161
2025-07-01_23-12-36_Screenshot_256.png,2.917799
2025-07-01_23-12-36_Screenshot_257.png,1.320075
2025-07-01_23-12-36_Screenshot_258.png,2.043049
2025-07-01_23-12-36_Screenshot_259.png,1.598016
2025-07-01_23-12-36_Screenshot_260.png,0.9424319
2025-07-01_23-12-36_Screenshot_261.png,2.038629
2025-07-01_23-12-36_Screenshot_262.png,2.827264
2025-07-01_23-12-36_Screenshot_263.png,2.484699
2025-07-01_23-12-36_Screenshot_264.png,1.073014
2025-07-01_23-12-36_Screenshot_265.png,2.405903
2025-07-01_23-12-36_Screenshot_266.png,2.055981
2025-07-01_23-12-36_Screenshot_267.png,0.9390323
2025-07-01_23-12-36_Screenshot_268.png,2.59093
2025-07-01_23-12-36_Screenshot_269.png,0.9768503
2025-07-01_23-12-36_Screenshot_270.png,0.6278082
2025-07-01_23-12-36_Screenshot_271.png,2.363142
2025-07-01_23-12-36_Screenshot_272.png,2.79323
2025-07-01_23-12-36_Screenshot_273.png,2.678015
2025-07-01_23-12-36_Screenshot_274.png,0.844303
2025-07-01_23-12-36_Screenshot_275.png,2.903376
2025-07-01_23-12-36_Screenshot_276.png,0.6065266
2025-07-01_23-12-36_Screenshot_277.png,1.180306
2025-07-01_23-12-36_Screenshot_278.png,1.663147
2025-07-01_23-12-36_Screenshot_279.png,0.6481855
2025-07-01_23-12-36_Screenshot_280.png,2.526168
2025-07-01_23-12-36_Screenshot_281.png,1.071226
2025-07-01_23-12-36_Screenshot_282.png,1.503456
2025-07-01_23-12-36_Screenshot_283.png,0.5547627
2025-07-01_23-12-36_Screenshot_284.png,1.434894
2025-07-01_23-12-36_Screenshot_285.png,0.7199087
2025-07-01_23-12-36_Screenshot_286.png,2.703807
2025-07-01_23-12-36_Screenshot_287.png,1.504315
2025-07-01_23-12-36_Screenshot_288.png,0.9737321
2025-07-01_23-12-36_Screenshot_289.png,1.143795
2025-07-01_23-12-36_Screenshot_290.png,2.573343
2025-07-01_23-12-36_Screenshot_291.png,2.547137
2025-07-01_23-12-36_Screenshot_292.png,2.314117
2025-07-01_23-12-36_Screenshot_293.png,2.719546
2025-07-01_23-12-36_Screenshot_294.png,2.634552
2025-07-01_23-12-36_Screenshot_295.png,1.473369
2025-07-01_23-12-36_Screenshot_296.png,2.719848
2025-07-01_23-12-36_Screenshot_297.png,2.761176
2025-07-01_23-12-36_Screenshot_298.png,2.981588
2025-07-01_23-12-36_Screenshot_299.png,2.189562
2025-07-01_23-12-36_Screenshot_300.png,2.797141
2025-07-01_23-12-36_Screenshot_301.png,1.932861
2025-07-01_23-12-36_Screenshot_302.png,1.310712
2025-07-01_23-12-36_Screenshot_303.png,2.787699
2025-07-01_23-12-36_Screenshot_304.png,2.562496
2025-07-01_23-12-36_Screenshot_305.png,1.899875
2025-07-01_23-12-36_Screenshot_306.png,2.733553
2025-07-01_23-12-36_Screenshot_307.png,2.984995
2025-07-01_23-12-36_Screenshot_308.png,2.236989
2025-07-01_23-12-36_Screenshot_309.png,1.760849
2025-07-01_23-12-36_Screenshot_310.png,0.5262576
2025-07-01_23-12-36_Screenshot_311.png,1.828335
2025-07-01_23-12-36_Screenshot_312.png,2.298381
2025-07-01_23-12-36_Screenshot_313.png,2.493813
2025-07-01_23-12-36_Screenshot_314.png,1.388134
2025-07-01_23-12-36_Screenshot_315.png,1.843122
2025-07-01_23-12-36_Screenshot_316.png,1.402879
2025-07-01_23-12-36_Screenshot_317.png,0.7754235
2025-07-01_23-12-36_Screenshot_318.png,2.369642
2025-07-01_23-12-36_Screenshot_319.png,1.943377
2025-07-01_23-12-36_Screenshot_320.png,1.682619
2025-07-01_23-12-36_Screenshot_321.png,0.9033065
2025-07-01_23-12-36_Screenshot_322.png,1.399737
2025-07-01_23-12-36_Screenshot_323.png,0.7251482
2025-07-01_23-12-36_Screenshot_324.png,2.376211
2025-07-01_23-12-36_Screenshot_325.png,2.37941
2025-07-01_23-12-36_Screenshot_326.png,0.5033069
2025-07-01_23-12-36_Screenshot_327.png,1.526228
2025-07-01_23-12-36_Screenshot_328.png,0.7603686
2025-07-01_23-12-36_Screenshot_329.png,2.378244
2025-07-01_23-12-36_Screenshot_330.png,1.040551
2025-07-01_23-12-36_Screenshot_331.png,2.686337
2025-07-01_23-12-36_Screenshot_332.png,1.002184
2025-07-01_23-12-36_Screenshot_333.png,2.898685
2025-07-01_23-12-36_Screenshot_334.png,1.657553
2025-07-01_23-12-36_Screenshot_335.png,1.320609
2025-07-01_23-12-36_Screenshot_336.png,1.732307
2025-07-01_23-12-36_Screenshot_337.png,1.334661
2025-07-01_23-12-36_Screenshot_338.png,0.8179896
2025-07-01_23-12-36_Screenshot_339.png,0.5903034
2025-07-01_23-12-36_Screenshot_340.png,1.809454
2025-07-01_23-12-36_Screenshot_341.png,1.265473
2025-07-01_23-12-36_Screenshot_342.png,0.7943769
2025-07-01_23-12-36_Screenshot_343.png,0.9050121
2025-07-01_23-12-36_Screenshot_344.png,1.199899
2025-07-01_23-12-36_Screenshot_345.png,1.646852
2025-07-01_23-12-36_Screenshot_346.png,2.590209
2025-07-01_23-12-36_Screenshot_347.png,1.93852
2025-07-01_23-12-36_Screenshot_348.png,0.6606682
2025-07-01_23-12-36_Screenshot_349.png,0.5334951
2025-07-01_23-12-36_Screenshot_350.png,1.645058
2025-07-01_23-12-36_Screenshot_351.png,2.809781
2025-07-01_23-12-36_Screenshot_352.png,2.836828
2025-07-01_23-12-36_Screenshot_353.png,2.972197
2025-07-01_23-12-36_Screenshot_354.png,1.261246
2025-07-01_23-12-36_Screenshot_355.png,2.305059
2025-07-01_23-12-36_Screenshot_356.png,1.775795
2025-07-01_23-12-36_Screenshot_357.png,1.682009
2025-07-01_23-12-36_Screenshot_358.png,1.503712
2025-07-01_23-12-36_Screenshot_359.png,2.314552
2025-07-01_23-12-36_Screenshot_360.png,0.6044676
2025-07-01_23-12-36_Screenshot_361.png,1.717404
2025-07-01_23-12-36_Screenshot_362.png,1.527006
2025-07-01_23-12-36_Screenshot_363.png,1.10604
2025-07-01_23-12-36_Screenshot_364.png,2.415457
2025-07-01_23-12-36_Screenshot_365.png,1.96043
2025-07-01_23-12-36_Screenshot_366.png,1.722706
2025-07-01_23-12-36_Screenshot_367.png,1.270864
2025-07-01_23-12-36_Screenshot_368.png,0.9719484
2025-07-01_23-12-36_Screenshot_369.png,0.6846704
2025-07-01_23-12-36_Screenshot_370.png,2.297884
2025-07-01_23-12-36_Screenshot_371.png,1.337233
2025-07-01_23-12-36_Screenshot_372.png,1.426261
2025-07-01_23-12-36_Screenshot_373.png,2.910113
2025-07-01_23-12-36_Screenshot_374.png,2.851348
2025-07-01_23-12-36_Screenshot_375.png,0.5817963
2025-07-01_23-12-36_Screenshot_376.png,1.246089
2025-07-01_23-12-36_Screenshot_377.png,2.622236
2025-07-01_23-12-36_Screenshot_378.png,1.166549
2025-07-01_23-12-36_Screenshot_379.png,1.825695
2025-07-01_23-12-36_Screenshot_380.png,2.660398
2025-07-01_23-12-36_Screenshot_381.png,0.6004758
2025-07-01_23-12-36_Screenshot_382.png,0.6817322
2025-07-01_23-12-36_Screenshot_383.png,1.645507
2025-07-01_23-12-36_Screenshot_384.png,1.784469
2025-07-01_23-12-36_Screenshot_385.png,1.461309
2025-07-01_23-12-36_Screenshot_386.png,0.6931775
2025-07-01_23-12-36_Screenshot_387.png,0.6489541
2025-07-01_23-12-36_Screenshot_388.png,0.8056422
2025-07-01_23-12-36_Screenshot_389.png,0.9336017
2025-07-01_23-12-36_Screenshot_390.png,2.710624
2025-07-01_23-12-36_Screenshot_391.png,1.391151
2025-07-01_23-12-36_Screenshot_392.png,2.563295
2025-07-01_23-12-36_Screenshot_393.png,1.408971
2025-07-01_23-12-36_Screenshot_394.png,2.499454
2025-07-01_23-12-36_Screenshot_395.png,1.295174
2025-07-01_23-12-36_Screenshot_396.png,2.506151
2025-07-01_23-12-36_Screenshot_397.png,1.89586
2025-07-01_23-12-36_Screenshot_398.png,0.8123385
2025-07-01_23-12-36_Screenshot_399.png,2.894499
2025-07-01_23-12-36_Screenshot_400.png,0.6955393
2025-07-01_23-12-36_Screenshot_401.png,1.149324
2025-07-01_23-12-36_Screenshot_402.png,2.123954
2025-07-01_23-12-36_Screenshot_403.png,2.205676
2025-07-01_23-12-36_Screenshot_404.png,1.840611
2025-07-01_23-12-36_Screenshot_405.png,0.5632921
2025-07-01_23-12-36_Screenshot_406.png,2.44607
2025-07-01_23-12-36_Screenshot_407.png,1.455954
2025-07-01_23-12-36_Screenshot_408.png,1.586827
2025-07-01_23-12-36_Screenshot_409.png,2.610638
2025-07-01_23-12-36_Screenshot_410.png,0.9709834
2025-07-01_23-12-36_Screenshot_411.png,1.50271
2025-07-01_23-12-36_Screenshot_412.png,1.240057
2025-07-01_23-12-36_Screenshot_413.png,1.075755
2025-07-01_23-12-36_Screenshot_414.png,1.338151
2025-07-01_23-12-36_Screenshot_415.png,0.7745193
2025-07-01_23-12-36_Screenshot_416.png,1.407787
2025-07-01_23-12-36_Screenshot_417.png,2.48575
2025-07-01_23-12-36_Screenshot_418.png,2.661668
2025-07-01_23-12-36_Screenshot_419.png,1.340747
2025-07-01_23-12-36_Screenshot_420.png,2.534338
2025-07-01_23-12-36_Screenshot_421.png,2.205565
2025-07-01_23-12-36_Screenshot_422.png,1.53553
2025-07-01_23-12-36_Screenshot_423.png,1.19226
2025-07-01_23-12-36_Screenshot_424.png,0.8886369
2025-07-01_23-12-36_Screenshot_425.png,1.05582
2025-07-01_23-12-36_Screenshot_426.png,2.038369
2025-07-01_23-12-36_Screenshot_427.png,0.8784394
2025-07-01_23-12-36_Screenshot_428.png,0.9884523
2025-07-01_23-12-36_Screenshot_429.png,2.911501
2025-07-01_23-12-36_Screenshot_430.png,0.976023
2025-07-01_23-12-36_Screenshot_431.png,2.744527
2025-07-01_23-12-36_Screenshot_432.png,0.8875473
2025-07-01_23-12-36_Screenshot_433.png,2.747938
2025-07-01_23-12-36_Screenshot_434.png,2.85724
2025-07-01_23-12-36_Screenshot_435.png,2.407196
2025-07-01_23-12-36_Screenshot_436.png,2.371138
2025-07-01_23-12-36_Screenshot_437.png,2.377632
2025-07-01_23-12-36_Screenshot_438.png,2.759284
2025-07-01_23-12-36_Screenshot_439.png,1.808835
2025-07-01_23-12-36_Screenshot_440.png,0.9778594
2025-07-01_23-12-36_Screenshot_441.png,0.8472605
2025-07-01_23-12-36_Screenshot_442.png,0.8933215
2025-07-01_23-12-36_Screenshot_443.png,1.284845
2025-07-01_23-12-36_Screenshot_444.png,1.490595
2025-07-01_23-12-36_Screenshot_445.png,0.540251
2025-07-01_23-12-36_Screenshot_446.png,1.086492
2025-07-01_23-12-36_Screenshot_447.png,2.17547
2025-07-01_23-12-36_Screenshot_448.png,0.829355
2025-07-01_23-12-36_Screenshot_449.png,1.900054
2025-07-01_23-12-36_Screenshot_450.png,2.665741
2025-07-01_23-12-36_Screenshot_451.png,1.395303
2025-07-01_23-12-36_Screenshot_452.png,1.66808
2025-07-01_23-12-36_Screenshot_453.png,1.714592
2025-07-01_23-12-36_Screenshot_454.png,2.401808
2025-07-01_23-12-36_Screenshot_455.png,2.681185
2025-07-01_23-12-36_Screenshot_456.png,1.516856
2025-07-01_23-12-36_Screenshot_457.png,1.867409
2025-07-01_23-12-36_Screenshot_458.png,1.300622
2025-07-01_23-12-36_Screenshot_459.png,1.930112
2025-07-01_23-12-36_Screenshot_460.png,1.117882
2025-07-01_23-12-36_Screenshot_461.png,1.078603
2025-07-01_23-12-36_Screenshot_462.png,1.383848
2025-07-01_23-12-36_Screenshot_463.png,0.7799478
2025-07-01_23-12-36_Screenshot_464.png,1.721897
2025-07-01_23-12-36_Screenshot_465.png,0.8017318
2025-07-01_23-12-36_Screenshot_466.png,0.6458263
2025-07-01_23-12-36_Screenshot_467.png,1.723312
2025-07-01_23-12-36_Screenshot_468.png,1.035464
2025-07-01_23-12-36_Screenshot_469.png,1.870198
2025-07-01_23-12-36_Screenshot_470.png,2.87279
2025-07-01_23-12-36_Screenshot_471.png,1.053205
2025-07-01_23-12-36_Screenshot_472.png,1.520657
2025-07-01_23-12-36_Screenshot_473.png,1.564445
2025-07-01_23-12-36_Screenshot_474.png,1.336768
2025-07-01_23-12-36_Screenshot_475.png,0.5849202
2025-07-01_23-12-36_Screenshot_476.png,2.664487
2025-07-01_23-12-36_Screenshot_477.png,1.872642
2025-07-01_23-12-36_Screenshot_478.png,1.33641
2025-07-01_23-12-36_Screenshot_479.png,2.790236
2025-07-01_23-12-36_Screenshot_480.png,2.529943
2025-07-01_23-12-36_Screenshot_481.png,1.143611
2025-07-01_23-12-36_Screenshot_482.png,0.5449407
2025-07-01_23-12-36_Screenshot_483.png,1.573164
2025-07-01_23-12-36_Screenshot_484.png,2.284819
2025-07-01_23-12-36_Screenshot_485.png,0.820451
2025-07-01_23-12-36_Screenshot_486.png,2.945804
2025-07-01_23-12-36_Screenshot_487.png,2.100871
2025-07-01_23-12-36_Screenshot_488.png,1.924024
2025-07-01_23-12-36_Screenshot_489.png,1.143102
2025-07-01_23-12-36_Screenshot_490.png,1.47077
2025-07-01_23-12-36_Screenshot_491.png,1.199745
2025-07-01_23-12-36_Screenshot_492.png,2.420145
2025-07-01_23-12-36_Screenshot_493.png,0.8837824
2025-07-01_23-12-36_Screenshot_494.png,1.709945
2025-07-01_23-12-36_Screenshot_495.png,1.649379
2025-07-01_23-12-36_Screenshot_496.png,0.8917435
2025-07-01_23-12-36_Screenshot_497.png,1.917427
2025-07-01_23-12-36_Screenshot_498.png,2.321031
2025-07-01_23-12-36_Screenshot_499.png,1.49011
2025-07-01_23-12-36_Screenshot_500.png,1.749991
2025-07-01_23-12-36_Screenshot_501.png,1.73253
2025-07-01_23-12-36_Screenshot_502.png,1.529977
2025-07-01_23-12-36_Screenshot_503.png,0.9822707
2025-07-01_23-12-36_Screenshot_504.png,2.267112
2025-07-01_23-12-36_Screenshot_505.png,0.7489787
2025-07-01_23-12-36_Screenshot_506.png,0.8080079
2025-07-01_23-12-36_Screenshot_507.png,1.256689
2025-07-01_23-12-36_Screenshot_508.png,0.8253967
2025-07-01_23-12-36_Screenshot_509.png,2.406296
2025-07-01_23-12-36_Screenshot_510.png,1.102355
2025-07-01_23-12-36_Screenshot_511.png,1.209762
2025-07-01_23-12-36_Screenshot_512.png,1.924249
2025-07-01_23-12-36_Screenshot_513.png,1.204358
2025-07-01_23-12-36_Screenshot_514.png,0.6485744
2025-07-01_23-12-36_Screenshot_515.png,1.634226
2025-07-01_23-12-36_Screenshot_516.png,1.497122
2025-07-01_23-12-36_Screenshot_517.png,1.244111
2025-07-01_23-12-36_Screenshot_518.png,2.453259
2025-07-01_23-12-36_Screenshot_519.png,2.414591
2025-07-01_23-12-36_Screenshot_520.png,2.677951
2025-07-01_23-12-36_Screenshot_521.png,2.999369
2025-07-01_23-12-36_Screenshot_522.png,2.079484
2025-07-01_23-12-36_Screenshot_523.png,2.61904
2025-07-01_23-12-36_Screenshot_524.png,2.934112
2025-07-01_23-12-36_Screenshot_525.png,2.01926
2025-07-01_23-12-36_Screenshot_526.png,2.299301
2025-07-01_23-12-36_Screenshot_527.png,1.600542
2025-07-01_23-12-36_Screenshot_528.png,1.386416
2025-07-01_23-12-36_Screenshot_529.png,1.652727
2025-07-01_23-12-36_Screenshot_530.png,2.172231
2025-07-01_23-12-36_Screenshot_531.png,2.255068
2025-07-01_23-12-36_Screenshot_532.png,2.28705
2025-07-01_23-12-36_Screenshot_533.png,1.231427
2025-07-01_23-12-36_Screenshot_534.png,2.122131
2025-07-01_23-12-36_Screenshot_535.png,2.432979
2025-07-01_23-12-36_Screenshot_536.png,0.9417199
2025-07-01_23-12-36_Screenshot_537.png,2.101026
2025-07-01_23-12-36_Screenshot_538.png,1.020086
2025-07-01_23-12-36_Screenshot_539.png,1.828382
2025-07-01_23-12-36_Screenshot_540.png,0.5043344
2025-07-01_23-12-36_Screenshot_541.png,2.921958
2025-07-01_23-12-36_Screenshot_542.png,0.832647
2025-07-01_23-12-36_Screenshot_543.png,2.246366
2025-07-01_23-12-36_Screenshot_544.png,2.181897
2025-07-01_23-12-36_Screenshot_545.png,2.92927
2025-07-01_23-12-36_Screenshot_546.png,1.908027
2025-07-01_23-12-36_Screenshot_547.png,2.791692
2025-07-01_23-12-36_Screenshot_548.png,2.897433
2025-07-01_23-12-36_Screenshot_549.png,2.589421
2025-07-01_23-12-36_Screenshot_550.png,1.775878
2025-07-01_23-12-36_Screenshot_551.png,2.831628
2025-07-01_23-12-36_Screenshot_552.png,0.5284582
2025-07-01_23-12-36_Screenshot_553.png,0.9242274
2025-07-01_23-12-36_Screenshot_554.png,2.967527
2025-07-01_23-12-36_Screenshot_555.png,2.903795
2025-07-01_23-12-36_Screenshot_556.png,1.667493
2025-07-01_23-12-36_Screenshot_557.png,1.872069
2025-07-01_23-12-36_Screenshot_558.png,2.388217
2025-07-01_23-12-36_Screenshot_559.png,2.791427
2025-07-01_23-12-36_Screenshot_560.png,1.887289
2025-07-01_23-12-36_Screenshot_561.png,2.564152
2025-07-01_23-12-36_Screenshot_562.png,1.492882
2025-07-01_23-12-36_Screenshot_563.png,1.175884
2025-07-01_23-12-36_Screenshot_564.png,2.271849
2025-07-01_23-12-36_Screenshot_565.png,1.286541
2025-07-01_23-12-36_Screenshot_566.png,2.635576
2025-07-01_23-12-36_Screenshot_567.png,0.8938162
2025-07-01_23-12-36_Screenshot_568.png,1.93615
2025-07-01_23-12-36_Screenshot_569.png,1.301981
2025-07-01_23-12-36_Screenshot_570.png,1.814247
2025-07-01_23-12-36_Screenshot_571.png,0.5565809
2025-07-01_23-12-36_Screenshot_572.png,0.6249224
2025-07-01_23-12-36_Screenshot_573.png,0.8009534
2025-07-01_23-12-36_Screenshot_574.png,0.6419866
2025-07-01_23-12-36_Screenshot_575.png,0.5223488
2025-07-01_23-12-36_Screenshot_576.png,1.358011
2025-07-01_23-12-36_Screenshot_577.png,0.6574367
2025-07-01_23-12-36_Screenshot_578.png,1.123697
2025-07-01_23-12-36_Screenshot_579.png,1.838497
2025-07-01_23-12-36_Screenshot_580.png,1.639531
2025-07-01_23-12-36_Screenshot_581.png,2.666862
2025-07-01_23-12-36_Screenshot_582.png,2.014644
2025-07-01_23-12-36_Screenshot_583.png,0.51748
2025-07-01_23-12-36_Screenshot_584.png,1.272392
2025-07-01_23-12-36_Screenshot_585.png,2.541806
2025-07-01_23-12-36_Screenshot_586.png,0.7481595
2025-07-01_23-12-36_Screenshot_587.png,2.276382
2025-07-01_23-12-36_Screenshot_588.png,1.542562
2025-07-01_23-12-36_Screenshot_589.png,2.176971
2025-07-01_23-12-36_Screenshot_590.png,1.081698
2025-07-01_23-12-36_Screenshot_591.png,0.9620588
2025-07-01_23-12-36_Screenshot_592.png,1.623704
2025-07-01_23-12-36_Screenshot_593.png,1.862803
2025-07-01_23-12-36_Screenshot_594.png,2.119292
2025-07-01_23-12-36_Screenshot_595.png,2.172692
2025-07-01_23-12-36_Screenshot_596.png,0.931543
2025-07-01_23-12-36_Screenshot_597.png,2.732565
2025-07-01_23-12-36_Screenshot_598.png,1.709352
2025-07-01_23-12-36_Screenshot_599.png,2.3009
2025-07-01_23-12-36_Screenshot_600.png,2.619999
2025-07-01_23-12-36_Screenshot_601.png,0.9521486
2025-07-01_23-12-36_Screenshot_602.png,2.206347
2025-07-01_23-12-36_Screenshot_603.png,1.33854
2025-07-01_23-12-36_Screenshot_604.png,0.7283412
2025-07-01_23-12-36_Screenshot_605.png,0.8389952
2025-07-01_23-12-36_Screenshot_606.png,2.130718
2025-07-01_23-12-36_Screenshot_607.png,1.266032
2025-07-01_23-12-36_Screenshot_608.png,1.708216
2025-07-01_23-12-36_Screenshot_609.png,2.784901
2025-07-01_23-12-36_Screenshot_610.png,1.358025
2025-07-01_23-12-36_Screenshot_611.png,1.214591
2025-07-01_23-12-36_Screenshot_612.png,2.542911
2025-07-01_23-12-36_Screenshot_613.png,2.254093
2025-07-01_23-12-36_Screenshot_614.png,1.418911
2025-07-01_23-12-36_Screenshot_615.png,1.180147
2025-07-01_23-12-36_Screenshot_616.png,1.090775
2025-07-01_23-12-36_Screenshot_617.png,1.363956
2025-07-01_23-12-36_Screenshot_618.png,2.970375
2025-07-01_23-12-36_Screenshot_619.png,1.090716
2025-07-01_23-12-36_Screenshot_620.png,2.069985
2025-07-01_23-12-36_Screenshot_621.png,1.411811
2025-07-01_23-12-36_Screenshot_622.png,1.265773
2025-07-01_23-12-36_Screenshot_623.png,2.592045
2025-07-01_23-12-36_Screenshot_624.png,1.166214
2025-07-01_23-12-36_Screenshot_625.png,0.5333124
2025-07-01_23-12-36_Screenshot_626.png,0.7079779
2025-07-01_23-12-36_Screenshot_627.png,2.220273
2025-07-01_23-12-36_Screenshot_628.png,1.815842
2025-07-01_23-12-36_Screenshot_629.png,2.304291
2025-07-01_23-12-36_Screenshot_630.png,2.768929
2025-07-01_23-12-36_Screenshot_631.png,2.791002
2025-07-01_23-12-36_Screenshot_632.png,2.97255
2025-07-01_23-12-36_Screenshot_633.png,1.81579
2025-07-01_23-12-36_Screenshot_634.png,1.54914
2025-07-01_23-12-36_Screenshot_635.png,2.954454
2025-07-01_23-12-36_Screenshot_636.png,1.12061
2025-07-01_23-12-36_Screenshot_637.png,2.420011
2025-07-01_23-12-36_Screenshot_638.png,2.884135
2025-07-01_23-12-36_Screenshot_639.png,0.5467566
2025-07-01_23-12-36_Screenshot_640.png,1.922294
2025-07-01_23-12-36_Screenshot_641.png,2.374311
2025-07-01_23-12-36_Screenshot_642.png,0.7567989
2025-07-01_23-12-36_Screenshot_643.png,2.913795
2025-07-01_23-12-36_Screenshot_644.png,1.882078
2025-07-01_23-12-36_Screenshot_645.png,2.584249
2025-07-01_23-12-36_Screenshot_646.png,1.254343
2025-07-01_23-12-36_Screenshot_647.png,2.019671
2025-07-01_23-12-36_Screenshot_648.png,1.855303
2025-07-01_23-12-36_Screenshot_649.png,2.64588
2025-07-01_23-12-36_Screenshot_650.png,2.600789
2025-07-01_23-12-36_Screenshot_651.png,1.83916
2025-07-01_23-12-36_Screenshot_652.png,2.746459
2025-07-01_23-12-36_Screenshot_653.png,1.412381
2025-07-01_23-12-36_Screenshot_654.png,0.5046006
2025-07-01_23-12-36_Screenshot_655.png,2.475787
2025-07-01_23-12-36_Screenshot_656.png,1.944547
2025-07-01_23-12-36_Screenshot_657.png,1.846803
2025-07-01_23-12-36_Screenshot_658.png,2.660213
2025-07-01_23-12-36_Screenshot_659.png,0.7041215
2025-07-01_23-12-36_Screenshot_660.png,0.609663
2025-07-01_23-12-36_Screenshot_661.png,0.5854725
2025-07-01_23-12-36_Screenshot_662.png,1.622255
2025-07-01_23-12-36_Screenshot_663.png,2.769358
2025-07-01_23-12-36_Screenshot_664.png,1.200231
2025-07-01_23-12-36_Screenshot_665.png,2.677583
2025-07-01_23-12-36_Screenshot_666.png,2.99164
2025-07-01_23-12-36_Screenshot_667.png,1.684795
2025-07-01_23-12-36_Screenshot_668.png,2.111342
2025-07-01_23-12-36_Screenshot_669.png,1.636235
2025-07-01_23-12-36_Screenshot_670.png,2.954621
2025-07-01_23-12-36_Screenshot_671.png,1.57585
2025-07-01_23-12-36_Screenshot_672.png,1.077139
2025-07-01_23-12-36_Screenshot_673.png,1.062486
2025-07-01_23-12-36_Screenshot_674.png,0.9138315
2025-07-01_23-12-36_Screenshot_675.png,2.381282
2025-07-01_23-12-36_Screenshot_676.png,1.528098
2025-07-01_23-12-36_Screenshot_677.png,2.03538
2025-07-01_23-12-36_Screenshot_678.png,0.5691983
2025-07-01_23-12-36_Screenshot_679.png,2.864701
2025-07-01_23-12-36_Screenshot_680.png,2.199885
2025-07-01_23-12-36_Screenshot_681.png,2.005752
2025-07-01_23-12-36_Screenshot_682.png,2.476035
2025-07-01_23-12-36_Screenshot_683.png,1.240398
2025-07-01_23-12-36_Screenshot_684.png,0.9416022
2025-07-01_23-12-36_Screenshot_685.png,2.208185
2025-07-01_23-12-36_Screenshot_686.png,2.923182
2025-07-01_23-12-36_Screenshot_687.png,1.187468
2025-07-01_23-12-36_Screenshot_688.png,1.321508
2025-07-01_23-12-36_Screenshot_689.png,2.574102
2025-07-01_23-12-36_Screenshot_690.png,0.9486814
2025-07-01_23-12-36_Screenshot_691.png,2.781603
2025-07-01_23-12-36_Screenshot_692.png,1.669331
2025-07-01_23-12-36_Screenshot_693.png,2.855777
2025-07-01_23-12-36_Screenshot_694.png,1.800973
2025-07-01_23-12-36_Screenshot_695.png,2.082375
2025-07-01_23-12-36_Screenshot_696.png,0.5239813
2025-07-01_23-12-36_Screenshot_697.png,1.83017
2025-07-01_23-12-36_Screenshot_698.png,0.6148731
2025-07-01_23-12-36_Screenshot_699.png,0.6953959
2025-07-01_23-12-36_Screenshot_700.png,1.050013
2025-07-01_23-12-36_Screenshot_701.png,2.033247
2025-07-01_23-12-36_Screenshot_702.png,0.6150906
2025-07-01_23-12-36_Screenshot_703.png,1.113506
2025-07-01_23-12-36_Screenshot_704.png,2.399735
2025-07-01_23-12-36_Screenshot_705.png,1.996246
2025-07-01_23-12-36_Screenshot_706.png,2.021986
2025-07-01_23-12-36_Screenshot_707.png,1.136592
2025-07-01_23-12-36_Screenshot_708.png,2.346085
2025-07-01_23-12-36_Screenshot_709.png,1.566708
2025-07-01_23-12-36_Screenshot_710.png,2.987401
2025-07-01_23-12-36_Screenshot_711.png,1.586714
2025-07-01_23-12-36_Screenshot_712.png,2.158226
2025-07-01_23-12-36_Screenshot_713.png,0.8796354
2025-07-01_23-12-36_Screenshot_714.png,2.347978
2025-07-01_23-12-36_Screenshot_715.png,1.112223
2025-07-01_23-12-36_Screenshot_716.png,2.811077
2025-07-01_23-12-36_Screenshot_717.png,1.801542
2025-07-01_23-12-36_Screenshot_718.png,1.384796
2025-07-01_23-12-36_Screenshot_719.png,1.583263
2025-07-01_23-12-36_Screenshot_720.png,0.6858431
2025-07-01_23-12-36_Screenshot_721.png,1.341909
2025-07-01_23-12-36_Screenshot_722.png,2.300727
2025-07-01_23-12-36_Screenshot_723.png,1.311784
2025-07-01_23-12-36_Screenshot_724.png,0.7019751
2025-07-01_23-12-36_Screenshot_725.png,2.381495
2025-07-01_23-12-36_Screenshot_726.png,1.37215
2025-07-01_23-12-36_Screenshot_727.png,2.854409
2025-07-01_23-12-36_Screenshot_728.png,0.5394878
2025-07-01_23-12-36_Screenshot_729.png,1.01282
2025-07-01_23-12-36_Screenshot_730.png,1.805007
2025-07-01_23-12-36_Screenshot_731.png,2.776926
2025-07-01_23-12-36_Screenshot_732.png,0.9276866
2025-07-01_23-12-36_Screenshot_733.png,2.253071
2025-07-01_23-12-36_Screenshot_734.png,0.7100047
2025-07-01_23-12-36_Screenshot_735.png,2.198595
2025-07-01_23-12-36_Screenshot_736.png,0.9948962
2025-07-01_23-12-36_Screenshot_737.png,0.9187569
2025-07-01_23-12-36_Screenshot_738.png,2.049921
2025-07-01_23-12-36_Screenshot_739.png,1.834939
2025-07-01_23-12-36_Screenshot_740.png,1.787234
2025-07-01_23-12-36_Screenshot_741.png,0.9513168
2025-07-01_23-12-36_Screenshot_742.png,2.867059
2025-07-01_23-12-36_Screenshot_743.png,1.018111
2025-07-01_23-12-36_Screenshot_744.png,2.628
2025-07-01_23-12-36_Screenshot_745.png,0.5109437
2025-07-01_23-12-36_Screenshot_746.png,2.008242
2025-07-01_23-12-36_Screenshot_747.png,2.604641
2025-07-01_23-12-36_Screenshot_748.png,2.208191
2025-07-01_23-12-36_Screenshot_749.png,2.871036
2025-07-01_23-12-36_Screenshot_750.png,2.345508
2025-07-01_23-12-36_Screenshot_751.png,1.373689
2025-07-01_23-12-36_Screenshot_752.png,1.725544
2025-07-01_23-12-36_Screenshot_753.png,2.088878
2025-07-01_23-12-36_Screenshot_754.png,1.647813
2025-07-01_23-12-36_Screenshot_755.png,1.929491
2025-07-01_23-12-36_Screenshot_756.png,1.827706
2025-07-01_23-12-36_Screenshot_757.png,1.040001
2025-07-01_23-12-36_Screenshot_758.png,2.083322
2025-07-01_23-12-36_Screenshot_759.png,1.122754
2025-07-01_23-12-36_Screenshot_760.png,2.911485
2025-07-01_23-12-36_Screenshot_761.png,2.111124
2025-07-01_23-12-36_Screenshot_762.png,1.199978
2025-07-01_23-12-36_Screenshot_763.png,1.65152
2025-07-01_23-12-36_Screenshot_764.png,1.097451
2025-07-01_23-12-36_Screenshot_765.png,2.407507
2025-07-01_23-12-36_Screenshot_766.png,0.7934149
2025-07-01_23-12-36_Screenshot_767.png,1.967749
2025-07-01_23-12-36_Screenshot_768.png,1.633229
2025-07-01_23-12-36_Screenshot_769.png,1.748572
2025-07-01_23-12-36_Screenshot_770.png,2.743168
2025-07-01_23-12-36_Screenshot_771.png,0.6646674
2025-07-01_23-12-36_Screenshot_772.png,0.7251092
2025-07-01_23-12-36_Screenshot_773.png,1.94535
2025-07-01_23-12-36_Screenshot_774.png,2.673274
2025-07-01_23-12-36_Screenshot_775.png,0.9718262
2025-07-01_23-12-36_Screenshot_776.png,1.093483
2025-07-01_23-12-36_Screenshot_777.png,2.258084
2025-07-01_23-12-36_Screenshot_778.png,2.863554
2025-07-01_23-12-36_Screenshot_779.png,2.020007
2025-07-01_23-12-36_Screenshot_780.png,0.96009
2025-07-01_23-12-36_Screenshot_781.png,2.477033
2025-07-01_23-12-36_Screenshot_782.png,1.052338
2025-07-01_23-12-36_Screenshot_783.png,1.410076
2025-07-01_23-12-36_Screenshot_784.png,2.799962
2025-07-01_23-12-36_Screenshot_785.png,1.438477
2025-07-01_23-12-36_Screenshot_786.png,2.882498
2025-07-01_23-12-36_Screenshot_787.png,2.491612
2025-07-01_23-12-36_Screenshot_788.png,0.6619682
2025-07-01_23-12-36_Screenshot_789.png,2.294253
2025-07-01_23-12-36_Screenshot_790.png,2.621666
2025-07-01_23-12-36_Screenshot_791.png,2.279821
2025-07-01_23-12-36_Screenshot_792.png,2.218534
2025-07-01_23-12-36_Screenshot_793.png,2.199037
2025-07-01_23-12-36_Screenshot_794.png,0.5147629
2025-07-01_23-12-36_Screenshot_795.png,2.591627
2025-07-01_23-12-36_Screenshot_796.png,1.528754
2025-07-01_23-12-36_Screenshot_797.png,2.149177
2025-07-01_23-12-36_Screenshot_798.png,2.799279
2025-07-01_23-12-36_Screenshot_799.png,1.157175
2025-07-01_23-12-36_Screenshot_800.png,1.186448
2025-07-01_23-12-36_Screenshot_801.png,1.673179
2025-07-01_23-12-36_Screenshot_802.png,2.311089
2025-07-01_23-12-36_Screenshot_803.png,2.995437
2025-07-01_23-12-36_Screenshot_804.png,2.110002
2025-07-01_23-12-36_Screenshot_805.png,2.318213
2025-07-01_23-12-36_Screenshot_806.png,2.443826
2025-07-01_23-12-36_Screenshot_807.png,2.561802
2025-07-01_23-12-36_Screenshot_808.png,1.909434
2025-07-01_23-12-36_Screenshot_809.png,0.8772357
2025-07-01_23-12-36_Screenshot_810.png,2.663349
2025-07-01_23-12-36_Screenshot_811.png,1.735726
2025-07-01_23-12-36_Screenshot_812.png,2.762099
2025-07-01_23-12-36_Screenshot_813.png,1.301111
2025-07-01_23-12-36_Screenshot_814.png,2.329296
2025-07-01_23-12-36_Screenshot_815.png,1.998301
2025-07-01_23-12-36_Screenshot_816.png,1.053856
2025-07-01_23-12-36_Screenshot_817.png,2.3332
2025-07-01_23-12-36_Screenshot_818.png,1.870395
2025-07-01_23-12-36_Screenshot_819.png,2.698637
2025-07-01_23-12-36_Screenshot_820.png,2.058111
2025-07-01_23-12-36_Screenshot_821.png,2.789528
2025-07-01_23-12-36_Screenshot_822.png,2.356716
2025-07-01_23-12-36_Screenshot_823.png,0.7173057
2025-07-01_23-12-36_Screenshot_824.png,2.266898
2025-07-01_23-12-36_Screenshot_825.png,2.002836
2025-07-01_23-12-36_Screenshot_826.png,2.491419
2025-07-01_23-12-36_Screenshot_827.png,1.478312
2025-07-01_23-12-36_Screenshot_828.png,0.7819157
2025-07-01_23-12-36_Screenshot_829.png,1.311063
2025-07-01_23-12-36_Screenshot_830.png,2.832074
2025-07-01_23-12-36_Screenshot_831.png,2.231689
2025-07-01_23-12-36_Screenshot_832.png,0.9386404
2025-07-01_23-12-36_Screenshot_833.png,1.621236
2025-07-01_23-12-36_Screenshot_834.png,1.001752
2025-07-01_23-12-36_Screenshot_835.png,1.010115
2025-07-01_23-12-36_Screenshot_836.png,1.064046
2025-07-01_23-12-36_Screenshot_837.png,1.848241
2025-07-01_23-12-36_Screenshot_838.png,2.218621
2025-07-01_23-12-36_Screenshot_839.png,2.791995
2025-07-01_23-12-36_Screenshot_840.png,0.9135126
2025-07-01_23-12-36_Screenshot_841.png,0.8193614
2025-07-01_23-12-36_Screenshot_842.png,1.69058
2025-07-01_23-12-36_Screenshot_843.png,2.65012
2025-07-01_23-12-36_Screenshot_844.png,2.77439
2025-07-01_23-12-36_Screenshot_845.png,2.068706
2025-07-01_23-12-36_Screenshot_846.png,0.794432
2025-07-01_23-12-36_Screenshot_847.png,1.756641
2025-07-01_23-12-36_Screenshot_848.png,2.155459
2025-07-01_23-12-36_Screenshot_849.png,2.25575
2025-07-01_23-12-36_Screenshot_850.png,2.901117
2025-07-01_23-12-36_Screenshot_851.png,0.5213069
2025-07-01_23-12-36_Screenshot_852.png,1.313921
2025-07-01_23-12-36_Screenshot_853.png,0.6414892
2025-07-01_23-12-36_Screenshot_854.png,0.841295
2025-07-01_23-12-36_Screenshot_855.png,2.981775
2025-07-01_23-12-36_Screenshot_856.png,0.5838012
2025-07-01_23-12-36_Screenshot_857.png,2.468483
2025-07-01_23-12-36_Screenshot_858.png,0.6348889
2025-07-01_23-12-36_Screenshot_859.png,2.393247
2025-07-01_23-12-36_Screenshot_860.png,1.878856
2025-07-01_23-12-36_Screenshot_861.png,2.837912
2025-07-01_23-12-36_Screenshot_862.png,2.323064
2025-07-01_23-12-36_Screenshot_863.png,2.651231
2025-07-01_23-12-36_Screenshot_864.png,0.7497181
2025-07-01_23-12-36_Screenshot_865.png,1.443883
2025-07-01_23-12-36_Screenshot_866.png,2.548762
2025-07-01_23-12-36_Screenshot_867.png,2.689359
2025-07-01_23-12-36_Screenshot_868.png,0.745418
2025-07-01_23-12-36_Screenshot_869.png,2.236786
2025-07-01_23-12-36_Screenshot_870.png,2.412884
2025-07-01_23-12-36_Screenshot_871.png,1.359063
2025-07-01_23-12-36_Screenshot_872.png,2.136422
2025-07-01_23-12-36_Screenshot_873.png,1.251487
2025-07-01_23-12-36_Screenshot_874.png,1.040325
2025-07-01_23-12-36_Screenshot_875.png,1.583771
2025-07-01_23-12-36_Screenshot_876.png,1.93404
2025-07-01_23-12-36_Screenshot_877.png,1.525074
2025-07-01_23-12-36_Screenshot_878.png,1.926137
2025-07-01_23-12-36_Screenshot_879.png,1.739985
2025-07-01_23-12-36_Screenshot_880.png,1.642934
2025-07-01_23-12-36_Screenshot_881.png,2.596582
2025-07-01_23-12-36_Screenshot_882.png,2.003907
2025-07-01_23-12-36_Screenshot_883.png,1.09491
2025-07-01_23-12-36_Screenshot_884.png,2.903099
2025-07-01_23-12-36_Screenshot_885.png,1.337055
2025-07-01_23-12-36_Screenshot_886.png,0.6835158
2025-07-01_23-12-36_Screenshot_887.png,2.568232
2025-07-01_23-12-36_Screenshot_888.png,1.871022
2025-07-01_23-12-36_Screenshot_889.png,1.165096
2025-07-01_23-12-36_Screenshot_890.png,1.701686
2025-07-01_23-12-36_Screenshot_891.png,0.8413612
2025-07-01_23-12-36_Screenshot_892.png,2.901428
2025-07-01_23-12-36_Screenshot_893.png,1.219501
2025-07-01_23-12-36_Screenshot_894.png,1.365493
2025-07-01_23-12-36_Screenshot_895.png,1.04034
2025-07-01_23-12-36_Screenshot_896.png,2.52732
2025-07-01_23-12-36_Screenshot_897.png,0.8594741
2025-07-01_23-12-36_Screenshot_898.png,0.7251637
2025-07-01_23-12-36_Screenshot_899.png,1.711943
2025-07-01_23-12-36_Screenshot_900.png,1.112089
2025-07-01_23-12-36_Screenshot_901.png,2.61912
2025-07-01_23-12-36_Screenshot_902.png,2.031242
2025-07-01_23-12-36_Screenshot_903.png,1.7555
2025-07-01_23-12-36_Screenshot_904.png,1.973244
2025-07-01_23-12-36_Screenshot_905.png,1.27506
2025-07-01_23-12-36_Screenshot_906.png,2.688619
2025-07-01_23-12-36_Screenshot_907.png,2.689897
2025-07-01_23-12-36_Screenshot_908.png,2.059062
2025-07-01_23-12-36_Screenshot_909.png,1.817606
2025-07-01_23-12-36_Screenshot_910.png,1.136289
2025-07-01_23-12-36_Screenshot_911.png,2.710503
2025-07-01_23-12-36_Screenshot_912.png,1.009179
2025-07-01_23-12-36_Screenshot_913.png,2.010596
2025-07-01_23-12-36_Screenshot_914.png,0.6658216
2025-07-01_23-12-36_Screenshot_915.png,1.507979
2025-07-01_23-12-36_Screenshot_916.png,1.676222
2025-07-01_23-12-36_Screenshot_917.png,0.7467272
2025-07-01_23-12-36_Screenshot_918.png,1.306826
2025-07-01_23-12-36_Screenshot_919.png,0.9635108
2025-07-01_23-12-36_Screenshot_920.png,2.674172
2025-07-01_23-12-36_Screenshot_921.png,2.615633
2025-07-01_23-12-36_Screenshot_922.png,2.656705
2025-07-01_23-12-36_Screenshot_923.png,2.665837
2025-07-01_23-12-36_Screenshot_924.png,2.477635
2025-07-01_23-12-36_Screenshot_925.png,2.974906
2025-07-01_23-12-36_Screenshot_926.png,0.8065053
2025-07-01_23-12-36_Screenshot_927.png,2.099523
2025-07-01_23-12-36_Screenshot_928.png,2.334177
2025-07-01_23-12-36_Screenshot_929.png,2.975231
2025-07-01_23-12-36_Screenshot_930.png,2.600312
2025-07-01_23-12-36_Screenshot_931.png,0.7372584
2025-07-01_23-12-36_Screenshot_932.png,1.241028
2025-07-01_23-12-36_Screenshot_933.png,2.446644
2025-07-01_23-12-36_Screenshot_934.png,2.858939
2025-07-01_23-12-36_Screenshot_935.png,2.414995
2025-07-01_23-12-36_Screenshot_936.png,1.416369
2025-07-01_23-12-36_Screenshot_937.png,2.254911
2025-07-01_23-12-36_Screenshot_938.png,1.507536
2025-07-01_23-12-36_Screenshot_939.png,1.758804
2025-07-01_23-12-36_Screenshot_940.png,0.7905881
2025-07-01_23-12-36_Screenshot_941.png,1.167102
2025-07-01_23-12-36_Screenshot_942.png,1.993461
2025-07-01_23-12-36_Screenshot_943.png,1.98915
2025-07-01_23-12-36_Screenshot_944.png,1.987483
2025-07-01_23-12-36_Screenshot_945.png,1.680371
2025-07-01_23-12-36_Screenshot_946.png,2.420032
2025-07-01_23-12-36_Screenshot_947.png,0.8259119
2025-07-01_23-12-36_Screenshot_948.png,0.8395748
2025-07-01_23-12-36_Screenshot_949.png,0.8925928
2025-07-01_23-12-36_Screenshot_950.png,1.684721
2025-07-01_23-12-36_Screenshot_951.png,0.5848392
2025-07-01_23-12-36_Screenshot_952.png,1.724074
2025-07-01_23-12-36_Screenshot_953.png,1.607973
2025-07-01_23-12-36_Screenshot_954.png,0.5618741
2025-07-01_23-12-36_Screenshot_955.png,1.279708
2025-07-01_23-12-36_Screenshot_956.png,2.542009
2025-07-01_23-12-36_Screenshot_957.png,1.101612
2025-07-01_23-12-36_Screenshot_958.png,0.8227893
2025-07-01_23-12-36_Screenshot_959.png,0.8084964
2025-07-01_23-12-36_Screenshot_960.png,2.660751
2025-07-01_23-12-36_Screenshot_961.png,1.565346
2025-07-01_23-12-36_Screenshot_962.png,1.512915
2025-07-01_23-12-36_Screenshot_963.png,2.412445
2025-07-01_23-12-36_Screenshot_964.png,2.624405
2025-07-01_23-12-36_Screenshot_965.png,0.5074726
2025-07-01_23-12-36_Screenshot_966.png,1.713534
2025-07-01_23-12-36_Screenshot_967.png,2.519062
2025-07-01_23-12-36_Screenshot_968.png,2.606171
2025-07-01_23-12-36_Screenshot_969.png,2.571542
2025-07-01_23-12-36_Screenshot_970.png,0.5603947
2025-07-01_23-12-36_Screenshot_971.png,2.778279
2025-07-01_23-12-36_Screenshot_972.png,0.8510144
2025-07-01_23-12-36_Screenshot_973.png,0.9991633
2025-07-01_23-12-36_Screenshot_974.png,2.438827
2025-07-01_23-12-36_Screenshot_975.png,1.16587
2025-07-01_23-12-36_Screenshot_976.png,0.8429455
2025-07-01_23-12-36_Screenshot_977.png,1.085802
2025-07-01_23-12-36_Screenshot_978.png,2.007996
2025-07-01_23-12-36_Screenshot_979.png,2.654288
2025-07-01_23-12-36_Screenshot_980.png,1.913573
2025-07-01_23-12-36_Screenshot_981.png,0.7821672
2025-07-01_23-12-36_Screenshot_982.png,2.994538
2025-07-01_23-12-36_Screenshot_983.png,2.149152
2025-07-01_23-12-36_Screenshot_984.png,1.76765
2025-07-01_23-12-36_Screenshot_985.png,0.8653619
2025-07-01_23-12-36_Screenshot_986.png,2.704407
2025-07-01_23-12-36_Screenshot_987.png,0.7998298
2025-07-01_23-12-36_Screenshot_988.png,0.7691555
2025-07-01_23-12-36_Screenshot_989.png,2.044079
2025-07-01_23-12-36_Screenshot_990.png,2.367626
2025-07-01_23-12-36_Screenshot_991.png,2.905396
2025-07-01_23-12-36_Screenshot_992.png,0.8338537
2025-07-01_23-12-36_Screenshot_993.png,1.03791
2025-07-01_23-12-36_Screenshot_994.png,2.464071
2025-07-01_23-12-36_Screenshot_995.png,0.8743318
2025-07-01_23-12-36_Screenshot_996.png,1.427935
2025-07-01_23-12-36_Screenshot_997.png,0.839022
2025-07-01_23-12-36_Screenshot_998.png,2.882388
2025-07-01_23-12-36_Screenshot_999.png,0.8481048
2025-07-01_23-12-36_Screenshot_1000.png,2.678846
2025-07-01_23-12-36_Screenshot_1001.png,0.9318467
2025-07-01_23-12-36_Screenshot_1002.png,2.80268
2025-07-01_23-12-36_Screenshot_1003.png,1.563124
2025-07-01_23-12-36_Screenshot_1004.png,1.88367
2025-07-01_23-12-36_Screenshot_1005.png,0.981295
2025-07-01_23-12-36_Screenshot_1006.png,1.937199
2025-07-01_23-12-36_Screenshot_1007.png,2.238527
2025-07-01_23-12-36_Screenshot_1008.png,2.123988
2025-07-01_23-12-36_Screenshot_1009.png,2.092258
2025-07-01_23-12-36_Screenshot_1010.png,1.534085
2025-07-01_23-12-36_Screenshot_1011.png,1.52556
2025-07-01_23-12-36_Screenshot_1012.png,2.084954
2025-07-01_23-12-36_Screenshot_1013.png,0.8350332
2025-07-01_23-12-36_Screenshot_1014.png,2.529695
2025-07-01_23-12-36_Screenshot_1015.png,1.85129
2025-07-01_23-12-36_Screenshot_1016.png,1.920932
2025-07-01_23-12-36_Screenshot_1017.png,1.395871
2025-07-01_23-12-36_Screenshot_1018.png,1.398362
2025-07-01_23-12-36_Screenshot_1019.png,2.905469
2025-07-01_23-12-36_Screenshot_1020.png,1.367246
2025-07-01_23-12-36_Screenshot_1021.png,0.6418039
2025-07-01_23-12-36_Screenshot_1022.png,2.519506
2025-07-01_23-12-36_Screenshot_1023.png,2.421075
2025-07-01_23-12-36_Screenshot_1024.png,1.25739
2025-07-01_23-12-36_Screenshot_1025.png,0.5273097
2025-07-01_23-12-36_Screenshot_1026.png,1.712604
2025-07-01_23-12-36_Screenshot_1027.png,1.233334
2025-07-01_23-12-36_Screenshot_1028.png,1.761007
2025-07-01_23-12-36_Screenshot_1029.png,1.460129
2025-07-01_23-12-36_Screenshot_1030.png,1.778272
2025-07-01_23-12-36_Screenshot_1031.png,0.8545943
2025-07-01_23-12-36_Screenshot_1032.png,0.88174
2025-07-01_23-12-36_Screenshot_1033.png,0.5110537
2025-07-01_23-12-36_Screenshot_1034.png,2.274317
2025-07-01_23-12-36_Screenshot_1035.png,1.957892
2025-07-01_23-12-36_Screenshot_1036.png,2.993014
2025-07-01_23-12-36_Screenshot_1037.png,1.775203
2025-07-01_23-12-36_Screenshot_1038.png,2.612805
2025-07-01_23-12-36_Screenshot_1039.png,2.283543
2025-07-01_23-12-36_Screenshot_1040.png,0.6325122
2025-07-01_23-12-36_Screenshot_1041.png,1.766087
2025-07-01_23-12-36_Screenshot_1042.png,2.019996
2025-07-01_23-12-36_Screenshot_1043.png,2.896041
2025-07-01_23-12-36_Screenshot_1044.png,2.62396
2025-07-01_23-12-36_Screenshot_1045.png,1.968889
2025-07-01_23-12-36_Screenshot_1046.png,1.814436
2025-07-01_23-12-36_Screenshot_1047.png,0.9032427
2025-07-01_23-12-36_Screenshot_1048.png,1.783886
2025-07-01_23-12-36_Screenshot_1049.png,1.175521
2025-07-01_23-12-36_Screenshot_1050.png,1.931788
2025-07-01_23-12-36_Screenshot_1051.png,2.281845
2025-07-01_23-12-36_Screenshot_1052.png,1.550456
2025-07-01_23-12-36_Screenshot_1053.png,2.102448
2025-07-01_23-12-36_Screenshot_1054.png,1.907144
2025-07-01_23-12-36_Screenshot_1055.png,2.758256
2025-07-01_23-12-36_Screenshot_1056.png,1.974327
2025-07-01_23-12-36_Screenshot_1057.png,2.705931
2025-07-01_23-12-36_Screenshot_1058.png,0.6908004
2025-07-01_23-12-36_Screenshot_1059.png,2.165181
2025-07-01_23-12-36_Screenshot_1060.png,2.047513
2025-07-01_23-12-36_Screenshot_1061.png,1.229879
2025-07-01_23-12-36_Screenshot_1062.png,1.721966
2025-07-01_23-12-36_Screenshot_1063.png,2.460584
2025-07-01_23-12-36_Screenshot_1064.png,2.602732
2025-07-01_23-12-36_Screenshot_1065.png,2.543944
2025-07-01_23-12-36_Screenshot_1066.png,1.206885
2025-07-01_23-12-36_Screenshot_1067.png,2.492774
2025-07-01_23-12-36_Screenshot_1068.png,2.34795
2025-07-01_23-12-36_Screenshot_1069.png,0.8133863
2025-07-01_23-12-36_Screenshot_1070.png,2.50267
2025-07-01_23-12-36_Screenshot_1071.png,2.288371
2025-07-01_23-12-36_Screenshot_1072.png,2.26362
2025-07-01_23-12-36_Screenshot_1073.png,1.738265
2025-07-01_23-12-36_Screenshot_1074.png,0.5928122
2025-07-01_23-12-36_Screenshot_1075.png,1.903951
2025-07-01_23-12-36_Screenshot_1076.png,1.625999
2025-07-01_23-12-36_Screenshot_1077.png,0.5502583
2025-07-01_23-12-36_Screenshot_1078.png,2.33048
2025-07-01_23-12-36_Screenshot_1079.png,0.7207351
2025-07-01_23-12-36_Screenshot_1080.png,2.573322
2025-07-01_23-12-36_Screenshot_1081.png,2.812138
2025-07-01_23-12-36_Screenshot_1082.png,1.311079
2025-07-01_23-12-36_Screenshot_1083.png,0.5030869
2025-07-01_23-12-36_Screenshot_1084.png,1.872627
2025-07-01_23-12-36_Screenshot_1085.png,1.380477
2025-07-01_23-12-36_Screenshot_1086.png,2.842183
2025-07-01_23-12-36_Screenshot_1087.png,2.290593
2025-07-01_23-12-36_Screenshot_1088.png,2.639611
2025-07-01_23-12-36_Screenshot_1089.png,0.8847876
2025-07-01_23-12-36_Screenshot_1090.png,2.88217
2025-07-01_23-12-36_Screenshot_1091.png,1.572436
2025-07-01_23-12-36_Screenshot_1092.png,2.634957
2025-07-01_23-12-36_Screenshot_1093.png,1.011857
2025-07-01_23-12-36_Screenshot_1094.png,2.701162
2025-07-01_23-12-36_Screenshot_1095.png,2.06559
2025-07-01_23-12-36_Screenshot_1096.png,1.582163
2025-07-01_23-12-36_Screenshot_1097.png,2.73641
2025-07-01_23-12-36_Screenshot_1098.png,2.402598
2025-07-01_23-12-36_Screenshot_1099.png,2.338982
2025-07-01_23-12-36_Screenshot_1100.png,1.829795
2025-07-01_23-12-36_Screenshot_1101.png,1.500941
2025-07-01_23-12-36_Screenshot_1102.png,0.6222196
2025-07-01_23-12-36_Screenshot_1103.png,0.8459108
2025-07-01_23-12-36_Screenshot_1104.png,1.835321
2025-07-01_23-12-36_Screenshot_1105.png,2.994606
2025-07-01_23-12-36_Screenshot_1106.png,1.685375
2025-07-01_23-12-36_Screenshot_1107.png,2.139769
2025-07-01_23-12-36_Screenshot_1108.png,2.225673
2025-07-01_23-12-36_Screenshot_1109.png,2.153749
2025-07-01_23-12-36_Screenshot_1110.png,1.957545
2025-07-01_23-12-36_Screenshot_1111.png,1.583898
2025-07-01_23-12-36_Screenshot_1112.png,1.731924
2025-07-01_23-12-36_Screenshot_1113.png,2.844987
2025-07-01_23-12-36_Screenshot_1114.png,1.492738
2025-07-01_23-12-36_Screenshot_1115.png,0.6002038
2025-07-01_23-12-36_Screenshot_1116.png,1.822917
2025-07-01_23-12-36_Screenshot_1117.png,0.7585322
2025-07-01_23-12-36_Screenshot_1118.png,1.885544
2025-07-01_23-12-36_Screenshot_1119.png,1.77171
2025-07-01_23-12-36_Screenshot_1120.png,1.948939
2025-07-01_23-12-36_Screenshot_1121.png,2.304412
2025-07-01_23-12-36_Screenshot_1122.png,1.199877
2025-07-01_23-12-36_Screenshot_1123.png,1.947738
2025-07-01_23-12-36_Screenshot_1124.png,1.804325
2025-07-01_23-12-36_Screenshot_1125.png,1.743241
2025-07-01_23-12-36_Screenshot_1126.png,2.333168
2025-07-01_23-12-36_Screenshot_1127.png,2.286725
2025-07-01_23-12-36_Screenshot_1128.png,2.486954
2025-07-01_23-12-36_Screenshot_1129.png,2.928623
2025-07-01_23-12-36_Screenshot_1130.png,1.837939
2025-07-01_23-12-36_Screenshot_1131.png,1.434485
2025-07-01_23-12-36_Screenshot_1132.png,2.539668
2025-07-01_23-12-36_Screenshot_1133.png,2.638658
2025-07-01_23-12-36_Screenshot_1134.png,1.515594
2025-07-01_23-12-36_Screenshot_1135.png,1.11668
2025-07-01_23-12-36_Screenshot_1136.png,1.378558
2025-07-01_23-12-36_Screenshot_1137.png,2.231274
2025-07-01_23-12-36_Screenshot_1138.png,1.281005
2025-07-01_23-12-36_Screenshot_1139.png,1.721362
2025-07-01_23-12-36_Screenshot_1140.png,1.724619
2025-07-01_23-12-36_Screenshot_1141.png,2.35001
2025-07-01_23-12-36_Screenshot_1142.png,1.785594
2025-07-01_23-12-36_Screenshot_1143.png,1.721825
2025-07-01_23-12-36_Screenshot_1144.png,1.503956
2025-07-01_23-12-36_Screenshot_1145.png,1.806797
2025-07-01_23-12-36_Screenshot_1146.png,0.6583758
2025-07-01_23-12-36_Screenshot_1147.png,1.565263
2025-07-01_23-12-36_Screenshot_1148.png,1.904222
2025-07-01_23-12-36_Screenshot_1149.png,0.6766908
2025-07-01_23-12-36_Screenshot_1150.png,2.364306
2025-07-01_23-12-36_Screenshot_1151.png,2.942673
2025-07-01_23-12-36_Screenshot_1152.png,1.97012
2025-07-01_23-12-36_Screenshot_1153.png,1.247421
2025-07-01_23-12-36_Screenshot_1154.png,1.090095
2025-07-01_23-12-36_Screenshot_1155.png,0.9907915
2025-07-01_23-12-36_Screenshot_1156.png,2.848691
2025-07-01_23-12-36_Screenshot_1157.png,0.6386932
2025-07-01_23-12-36_Screenshot_1158.png,2.674462
2025-07-01_23-12-36_Screenshot_1159.png,2.581449
2025-07-01_23-12-36_Screenshot_1160.png,1.434002
2025-07-01_23-12-36_Screenshot_1161.png,1.43746
2025-07-01_23-12-36_Screenshot_1162.png,2.113716
2025-07-01_23-12-36_Screenshot_1163.png,0.6783577
2025-07-01_23-12-36_Screenshot_1164.png,2.345141
2025-07-01_23-12-36_Screenshot_1165.png,2.010781
2025-07-01_23-12-36_Screenshot_1166.png,1.932745
2025-07-01_23-12-36_Screenshot_1167.png,1.292911
2025-07-01_23-12-36_Screenshot_1168.png,0.8887033
2025-07-01_23-12-36_Screenshot_1169.png,1.235332
2025-07-01_23-12-36_Screenshot_1170.png,1.223483
2025-07-01_23-12-36_Screenshot_1171.png,1.776106
2025-07-01_23-12-36_Screenshot_1172.png,2.898041
2025-07-01_23-12-36_Screenshot_1173.png,0.7957338
2025-07-01_23-12-36_Screenshot_1174.png,0.5514147
2025-07-01_23-12-36_Screenshot_1175.png,0.5891227
2025-07-01_23-12-36_Screenshot_1176.png,2.343423
2025-07-01_23-12-36_Screenshot_1177.png,1.695222
2025-07-01_23-12-36_Screenshot_1178.png,0.8526461
2025-07-01_23-12-36_Screenshot_1179.png,0.5139865
2025-07-01_23-12-36_Screenshot_1180.png,2.547255
2025-07-01_23-12-36_Screenshot_1181.png,1.065769
2025-07-01_23-12-36_Screenshot_1182.png,2.192334
2025-07-01_23-12-36_Screenshot_1183.png,1.310096
2025-07-01_23-12-36_Screenshot_1184.png,2.644341
2025-07-01_23-12-36_Screenshot_1185.png,1.3819
2025-07-01_23-12-36_Screenshot_1186.png,1.948951
2025-07-01_23-12-36_Screenshot_1187.png,1.597051
2025-07-01_23-12-36_Screenshot_1188.png,1.079858
2025-07-01_23-12-36_Screenshot_1189.png,1.391462
2025-07-01_23-12-36_Screenshot_1190.png,1.402359
2025-07-01_23-12-36_Screenshot_1191.png,2.681918
2025-07-01_23-12-36_Screenshot_1192.png,0.648609
2025-07-01_23-12-36_Screenshot_1193.png,0.5560954
2025-07-01_23-12-36_Screenshot_1194.png,1.648655
2025-07-01_23-12-36_Screenshot_1195.png,2.872499
2025-07-01_23-12-36_Screenshot_1196.png,0.5841564
2025-07-01_23-12-36_Screenshot_1197.png,2.003748
2025-07-01_23-12-36_Screenshot_1198.png,2.081652
2025-07-01_23-12-36_Screenshot_1199.png,0.6611182
2025-07-01_23-12-36_Screenshot_1200.png,0.7100945
2025-07-01_23-12-36_Screenshot_1201.png,2.51748
2025-07-01_23-12-36_Screenshot_1202.png,1.077546
2025-07-01_23-12-36_Screenshot_1203.png,2.774345
2025-07-01_23-12-36_Screenshot_1204.png,2.883029
2025-07-01_23-12-36_Screenshot_1205.png,2.325564
2025-07-01_23-12-36_Screenshot_1206.png,2.135031
2025-07-01_23-12-36_Screenshot_1207.png,0.6750073
2025-07-01_23-12-36_Screenshot_1208.png,2.507159
2025-07-01_23-12-36_Screenshot_1209.png,2.749867
2025-07-01_23-12-36_Screenshot_1210.png,2.692693
2025-07-01_23-12-36_Screenshot_1211.png,1.537526
2025-07-01_23-12-36_Screenshot_1212.png,0.9128158
2025-07-01_23-12-36_Screenshot_1213.png,2.298087
2025-07-01_23-12-36_Screenshot_1214.png,2.951095
2025-07-01_23-12-36_Screenshot_1215.png,0.8802672
2025-07-01_23-12-36_Screenshot_1216.png,1.765533
2025-07-01_23-12-36_Screenshot_1217.png,2.043445
2025-07-01_23-12-36_Screenshot_1218.png,2.626252
2025-07-01_23-12-36_Screenshot_1219.png,0.990866
2025-07-01_23-12-36_Screenshot_1220.png,1.827389
2025-07-01_23-12-36_Screenshot_1221.png,1.21663
2025-07-01_23-12-36_Screenshot_1222.png,1.291421
2025-07-01_23-12-36_Screenshot_1223.png,1.901091
2025-07-01_23-12-36_Screenshot_1224.png,2.366214
2025-07-01_23-12-36_Screenshot_1225.png,1.75393
2025-07-01_23-12-36_Screenshot_1226.png,0.894215
2025-07-01_23-12-36_Screenshot_1227.png,0.9741839
2025-07-01_23-12-36_Screenshot_1228.png,1.943336
2025-07-01_23-12-36_Screenshot_1229.png,1.478194
2025-07-01_23-12-36_Screenshot_1230.png,2.53786
2025-07-01_23-12-36_Screenshot_1231.png,2.857652
2025-07-01_23-12-36_Screenshot_1232.png,0.7386981
2025-07-01_23-12-36_Screenshot_1233.png,1.422014
2025-07-01_23-12-36_Screenshot_1234.png,2.339194
2025-07-01_23-12-36_Screenshot_1235.png,1.061247
2025-07-01_23-12-36_Screenshot_1236.png,1.690356
2025-07-01_23-12-36_Screenshot_1237.png,2.096355
2025-07-01_23-12-36_Screenshot_1238.png,1.762467
2025-07-01_23-12-36_Screenshot_1239.png,0.8519279
2025-07-01_23-12-36_Screenshot_1240.png,2.647458
2025-07-01_23-12-36_Screenshot_1241.png,2.66308
2025-07-01_23-12-36_Screenshot_1242.png,1.05333
2025-07-01_23-12-36_Screenshot_1243.png,2.753885
2025-07-01_23-12-36_Screenshot_1244.png,0.7055743
2025-07-01_23-12-36_Screenshot_1245.png,1.384069
2025-07-01_23-12-36_Screenshot_1246.png,0.7606964
2025-07-01_23-12-36_Screenshot_1247.png,1.516889
2025-07-01_23-12-36_Screenshot_1248.png,1.629738
2025-07-01_23-12-36_Screenshot_1249.png,1.678365
2025-07-01_23-12-36_Screenshot_1250.png,0.9158822
2025-07-01_23-12-36_Screenshot_1251.png,1.296379
2025-07-01_23-12-36_Screenshot_1252.png,2.51779
2025-07-01_23-12-36_Screenshot_1253.png,2.639652
2025-07-01_23-12-36_Screenshot_1254.png,1.1734
2025-07-01_23-12-36_Screenshot_1255.png,0.8632435
2025-07-01_23-12-36_Screenshot_1256.png,1.174619
2025-07-01_23-12-36_Screenshot_1257.png,2.870866
2025-07-01_23-12-36_Screenshot_1258.png,2.349802
2025-07-01_23-12-36_Screenshot_1259.png,1.852245
2025-07-01_23-12-36_Screenshot_1260.png,0.5388816
2025-07-01_23-12-36_Screenshot_1261.png,0.8278786
2025-07-01_23-12-36_Screenshot_1262.png,2.127932
2025-07-01_23-12-36_Screenshot_1263.png,0.6622471
2025-07-01_23-12-36_Screenshot_1264.png,2.668034
2025-07-01_23-12-36_Screenshot_1265.png,1.893708
2025-07-01_23-12-36_Screenshot_1266.png,0.5748605
2025-07-01_23-12-36_Screenshot_1267.png,2.563821
2025-07-01_23-12-36_Screenshot_1268.png,1.08288
2025-07-01_23-12-36_Screenshot_1269.png,1.401063
2025-07-01_23-12-36_Screenshot_1270.png,1.256219
2025-07-01_23-12-36_Screenshot_1271.png,2.169289
2025-07-01_23-12-36_Screenshot_1272.png,0.5448027
2025-07-01_23-12-36_Screenshot_1273.png,1.878038
2025-07-01_23-12-36_Screenshot_1274.png,1.396322
2025-07-01_23-12-36_Screenshot_1275.png,1.692813
2025-07-01_23-12-36_Screenshot_1276.png,1.904496
2025-07-01_23-12-36_Screenshot_1277.png,1.36369
2025-07-01_23-12-36_Screenshot_1278.png,1.523837
2025-07-01_23-12-36_Screenshot_1279.png,2.283441
2025-07-01_23-12-36_Screenshot_1280.png,1.164412
2025-07-01_23-12-36_Screenshot_1281.png,2.223607
2025-07-01_23-12-36_Screenshot_1282.png,2.515874
2025-07-01_23-12-36_Screenshot_1283.png,2.717874
2025-07-01_23-12-36_Screenshot_1284.png,2.568594
2025-07-01_23-12-36_Screenshot_1285.png,1.583895
2025-07-01_23-12-36_Screenshot_1286.png,1.355638
2025-07-01_23-12-36_Screenshot_1287.png,1.345239
2025-07-01_23-12-36_Screenshot_1288.png,2.744044
2025-07-01_23-12-36_Screenshot_1289.png,1.605165
2025-07-01_23-12-36_Screenshot_1290.png,0.8464419
2025-07-01_23-12-36_Screenshot_1291.png,2.349128
2025-07-01_23-12-36_Screenshot_1292.png,1.290681
2025-07-01_23-12-36_Screenshot_1293.png,2.426962
2025-07-01_23-12-36_Screenshot_1294.png,2.147123
2025-07-01_23-12-36_Screenshot_1295.png,1.494974
2025-07-01_23-12-36_Screenshot_1296.png,1.620079
2025-07-01_23-12-36_Screenshot_1297.png,2.888217
2025-07-01_23-12-36_Screenshot_1298.png,1.26368
2025-07-01_23-12-36_Screenshot_1299.png,0.9124874
2025-07-01_23-12-36_Screenshot_1300.png,2.327292
2025-07-01_23-12-36_Screenshot_1301.png,2.529936
2025-07-01_23-12-36_Screenshot_1302.png,1.123268
2025-07-01_23-12-36_Screenshot_1303.png,2.450552
2025-07-01_23-12-36_Screenshot_1304.png,2.542849
2025-07-01_23-12-36_Screenshot_1305.png,1.227089
2025-07-01_23-12-36_Screenshot_1306.png,0.5728035
2025-07-01_23-12-36_Screenshot_1307.png,2.317419
2025-07-01_23-12-36_Screenshot_1308.png,1.264856
2025-07-01_23-12-36_Screenshot_1309.png,2.919101
2025-07-01_23-12-36_Screenshot_1310.png,2.07369
2025-07-01_23-12-36_Screenshot_1311.png,2.01929
2025-07-01_23-12-36_Screenshot_1312.png,2.028363
2025-07-01_23-12-36_Screenshot_1313.png,2.59311
2025-07-01_23-12-36_Screenshot_1314.png,0.6212335
2025-07-01_23-12-36_Screenshot_1315.png,1.994128
2025-07-01_23-12-36_Screenshot_1316.png,2.116167
2025-07-01_23-12-36_Screenshot_1317.png,0.9525048
2025-07-01_23-12-36_Screenshot_1318.png,1.264462
2025-07-01_23-12-36_Screenshot_1319.png,0.9733542
2025-07-01_23-12-36_Screenshot_1320.png,2.586172
2025-07-01_23-12-36_Screenshot_1321.png,1.221061
2025-07-01_23-12-36_Screenshot_1322.png,1.163938
2025-07-01_23-12-36_Screenshot_1323.png,0.7999109
2025-07-01_23-12-36_Screenshot_1324.png,2.376984
2025-07-01_23-12-36_Screenshot_1325.png,1.695199
2025-07-01_23-12-36_Screenshot_1326.png,0.8009278
2025-07-01_23-12-36_Screenshot_1327.png,2.072351
2025-07-01_23-12-36_Screenshot_1328.png,2.803284
2025-07-01_23-12-36_Screenshot_1329.png,1.079846
2025-07-01_23-12-36_Screenshot_1330.png,1.984768
2025-07-01_23-12-36_Screenshot_1331.png,1.753132
2025-07-01_23-12-36_Screenshot_1332.png,0.5001943
2025-07-01_23-12-36_Screenshot_1333.png,2.011813
2025-07-01_23-12-36_Screenshot_1334.png,1.589888
2025-07-01_23-12-36_Screenshot_1335.png,1.832116
2025-07-01_23-12-36_Screenshot_1336.png,0.6355726
2025-07-01_23-12-36_Screenshot_1337.png,0.8874591
2025-07-01_23-12-36_Screenshot_1338.png,1.506571
2025-07-01_23-12-36_Screenshot_1339.png,1.034469
2025-07-01_23-12-36_Screenshot_1340.png,2.379862
2025-07-01_23-12-36_Screenshot_1341.png,1.67328
2025-07-01_23-12-36_Screenshot_1342.png,1.935724
2025-07-01_23-12-36_Screenshot_1343.png,2.881388
2025-07-01_23-12-36_Screenshot_1344.png,2.481744
2025-07-01_23-12-36_Screenshot_1345.png,1.213519
2025-07-01_23-12-36_Screenshot_1346.png,1.709405
2025-07-01_23-12-36_Screenshot_1347.png,0.7000466
2025-07-01_23-12-36_Screenshot_1348.png,2.196726
2025-07-01_23-12-36_Screenshot_1349.png,1.489676
2025-07-01_23-12-36_Screenshot_1350.png,2.296476
2025-07-01_23-12-36_Screenshot_1351.png,2.484213
2025-07-01_23-12-36_Screenshot_1352.png,1.124567
2025-07-01_23-12-36_Screenshot_1353.png,2.422508
2025-07-01_23-12-36_Screenshot_1354.png,0.9056123
2025-07-01_23-12-36_Screenshot_1355.png,0.6547617
2025-07-01_23-12-36_Screenshot_1356.png,0.8736633
2025-07-01_23-12-36_Screenshot_1357.png,2.724331
2025-07-01_23-12-36_Screenshot_1358.png,1.386578
2025-07-01_23-12-36_Screenshot_1359.png,1.80527
2025-07-01_23-12-36_Screenshot_1360.png,0.9125109
2025-07-01_23-12-36_Screenshot_1361.png,2.173446
2025-07-01_23-12-36_Screenshot_1362.png,2.677048
2025-07-01_23-12-36_Screenshot_1363.png,2.184222
2025-07-01_23-12-36_Screenshot_1364.png,2.347761
2025-07-01_23-12-36_Screenshot_1365.png,2.212154
2025-07-01_23-12-36_Screenshot_1366.png,2.469721
2025-07-01_23-12-36_Screenshot_1367.png,1.294429
2025-07-01_23-12-36_Screenshot_1368.png,2.781014
2025-07-01_23-12-36_Screenshot_1369.png,2.148246
2025-07-01_23-12-36_Screenshot_1370.png,0.7822655
2025-07-01_23-12-36_Screenshot_1371.png,1.530444
2025-07-01_23-12-36_Screenshot_1372.png,1.320983
2025-07-01_23-12-36_Screenshot_1373.png,2.183945
2025-07-01_23-12-36_Screenshot_1374.png,2.503117
2025-07-01_23-12-36_Screenshot_1375.png,1.954243
2025-07-01_23-12-36_Screenshot_1376.png,0.6990718
2025-07-01_23-12-36_Screenshot_1377.png,1.094846
2025-07-01_23-12-36_Screenshot_1378.png,1.146929
2025-07-01_23-12-36_Screenshot_1379.png,2.362857
2025-07-01_23-12-36_Screenshot_1380.png,1.325861
2025-07-01_23-12-36_Screenshot_1381.png,2.777011
2025-07-01_23-12-36_Screenshot_1382.png,1.546375
2025-07-01_23-12-36_Screenshot_1383.png,0.5761327
2025-07-01_23-12-36_Screenshot_1384.png,1.829034
2025-07-01_23-12-36_Screenshot_1385.png,0.5283009
2025-07-01_23-12-36_Screenshot_1386.png,1.833049
2025-07-01_23-12-36_Screenshot_1387.png,0.7093083
2025-07-01_23-12-36_Screenshot_1388.png,0.8859884
2025-07-01_23-12-36_Screenshot_1389.png,1.039474
2025-07-01_23-12-36_Screenshot_1390.png,2.981473
2025-07-01_23-12-36_Screenshot_1391.png,2.419289
2025-07-01_23-12-36_Screenshot_1392.png,2.824928
2025-07-01_23-12-36_Screenshot_1393.png,1.409441
2025-07-01_23-12-36_Screenshot_1394.png,2.278485
2025-07-01_23-12-36_Screenshot_1395.png,1.877833
2025-07-01_23-12-36_Screenshot_1396.png,0.536366
2025-07-01_23-12-36_Screenshot_1397.png,1.281597
2025-07-01_23-12-36_Screenshot_1398.png,0.9226795
2025-07-01_23-12-36_Screenshot_1399.png,1.990277
2025-07-01_23-12-36_Screenshot_1400.png,0.9624847
2025-07-01_23-12-36_Screenshot_1401.png,2.369091
2025-07-01_23-12-36_Screenshot_1402.png,1.085623
2025-07-01_23-12-36_Screenshot_1403.png,2.912364
2025-07-01_23-12-36_Screenshot_1404.png,1.708283
2025-07-01_23-12-36_Screenshot_1405.png,1.275727
2025-07-01_23-12-36_Screenshot_1406.png,1.809949
2025-07-01_23-12-36_Screenshot_1407.png,1.692366
2025-07-01_23-12-36_Screenshot_1408.png,2.137138
2025-07-01_23-12-36_Screenshot_1409.png,0.6415101
2025-07-01_23-12-36_Screenshot_1410.png,0.5521275
2025-07-01_23-12-36_Screenshot_1411.png,0.5008655
2025-07-01_23-12-36_Screenshot_1412.png,1.618688
2025-07-01_23-12-36_Screenshot_1413.png,2.474996
2025-07-01_23-12-36_Screenshot_1414.png,2.082792
2025-07-01_23-12-36_Screenshot_1415.png,2.33471
2025-07-01_23-12-36_Screenshot_1416.png,1.276018
2025-07-01_23-12-36_Screenshot_1417.png,2.270161
2025-07-01_23-12-36_Screenshot_1418.png,0.545231
2025-07-01_23-12-36_Screenshot_1419.png,1.394807
2025-07-01_23-12-36_Screenshot_1420.png,1.724596
2025-07-01_23-12-36_Screenshot_1421.png,1.597607
2025-07-01_23-12-36_Screenshot_1422.png,0.9553688
2025-07-01_23-12-36_Screenshot_1423.png,1.137807
2025-07-01_23-12-36_Screenshot_1424.png,2.51486
2025-07-01_23-12-36_Screenshot_1425.png,2.694838
2025-07-01_23-12-36_Screenshot_1426.png,1.393175
2025-07-01_23-12-36_Screenshot_1427.png,0.7732545
2025-07-01_23-12-36_Screenshot_1428.png,2.635782
2025-07-01_23-12-36_Screenshot_1429.png,2.535
2025-07-01_23-12-36_Screenshot_1430.png,1.676006
2025-07-01_23-12-36_Screenshot_1431.png,1.60801
2025-07-01_23-12-36_Screenshot_1432.png,2.564389
2025-07-01_23-12-36_Screenshot_1433.png,2.826797
2025-07-01_23-12-36_Screenshot_1434.png,2.50899
2025-07-01_23-12-36_Screenshot_1435.png,0.9011777
2025-07-01_23-12-36_Screenshot_1436.png,1.896191
2025-07-01_23-12-36_Screenshot_1437.png,1.847579
2025-07-01_23-12-36_Screenshot_1438.png,0.8889295
2025-07-01_23-12-36_Screenshot_1439.png,1.765835
2025-07-01_23-12-36_Screenshot_1440.png,1.428246
2025-07-01_23-12-36_Screenshot_1441.png,2.803637
2025-07-01_23-12-36_Screenshot_1442.png,0.680611
2025-07-01_23-12-36_Screenshot_1443.png,2.041411
2025-07-01_23-12-36_Screenshot_1444.png,0.6610711
2025-07-01_23-12-36_Screenshot_1445.png,1.24731
2025-07-01_23-12-36_Screenshot_1446.png,0.8140819
2025-07-01_23-12-36_Screenshot_1447.png,2.839965
2025-07-01_23-12-36_Screenshot_1448.png,2.052836
2025-07-01_23-12-36_Screenshot_1449.png,1.253454
2025-07-01_23-12-36_Screenshot_1450.png,1.700544
2025-07-01_23-12-36_Screenshot_1451.png,1.5723
2025-07-01_23-12-36_Screenshot_1452.png,1.644511
2025-07-01_23-12-36_Screenshot_1453.png,0.53499
2025-07-01_23-12-36_Screenshot_1454.png,0.6499787
2025-07-01_23-12-36_Screenshot_1455.png,1.744833
2025-07-01_23-12-36_Screenshot_1456.png,2.887367
2025-07-01_23-12-36_Screenshot_1457.png,1.996643
2025-07-01_23-12-36_Screenshot_1458.png,2.100481
2025-07-01_23-12-36_Screenshot_1459.png,2.421018
2025-07-01_23-12-36_Screenshot_1460.png,1.85846
2025-07-01_23-12-36_Screenshot_1461.png,2.545681
2025-07-01_23-12-36_Screenshot_1462.png,0.6623756
2025-07-01_23-12-36_Screenshot_1463.png,0.5882187
2025-07-01_23-12-36_Screenshot_1464.png,1.41455
2025-07-01_23-12-36_Screenshot_1465.png,0.55689
2025-07-01_23-12-36_Screenshot_1466.png,2.241723
2025-07-01_23-12-36_Screenshot_1467.png,2.504078
2025-07-01_23-12-36_Screenshot_1468.png,0.979019
2025-07-01_23-12-36_Screenshot_1469.png,2.493492
2025-07-01_23-12-36_Screenshot_1470.png,2.617898
2025-07-01_23-12-36_Screenshot_1471.png,1.314676
2025-07-01_23-12-36_Screenshot_1472.png,1.114064
2025-07-01_23-12-36_Screenshot_1473.png,1.113028
2025-07-01_23-12-36_Screenshot_1474.png,0.8111792
2025-07-01_23-12-36_Screenshot_1475.png,0.8248495
2025-07-01_23-12-36_Screenshot_1476.png,2.710364
2025-07-01_23-12-36_Screenshot_1477.png,1.496084
2025-07-01_23-12-36_Screenshot_1478.png,0.5419295
2025-07-01_23-12-36_Screenshot_1479.png,0.8035331
2025-07-01_23-12-36_Screenshot_1480.png,1.097457
2025-07-01_23-12-36_Screenshot_1481.png,1.562675
2025-07-01_23-12-36_Screenshot_1482.png,2.487863
2025-07-01_23-12-36_Screenshot_1483.png,0.7588019
2025-07-01_23-12-36_Screenshot_1484.png,0.8390095
2025-07-01_23-12-36_Screenshot_1485.png,0.6865265
2025-07-01_23-12-36_Screenshot_1486.png,1.76875
2025-07-01_23-12-36_Screenshot_1487.png,0.6343885
2025-07-01_23-12-36_Screenshot_1488.png,1.849039
2025-07-01_23-12-36_Screenshot_1489.png,2.226733
2025-07-01_23-12-36_Screenshot_1490.png,2.781597
2025-07-01_23-12-36_Screenshot_1491.png,1.09596
2025-07-01_23-12-36_Screenshot_1492.png,0.7717167
2025-07-01_23-12-36_Screenshot_1493.png,2.946684
2025-07-01_23-12-36_Screenshot_1494.png,0.842395
2025-07-01_23-12-36_Screenshot_1495.png,2.134255
2025-07-01_23-12-36_Screenshot_1496.png,0.8991589
2025-07-01_23-12-36_Screenshot_1497.png,2.360934
2025-07-01_23-12-36_Screenshot_1498.png,1.925602
2025-07-01_23-12-36_Screenshot_1499.png,1.986516
2025-07-01_23-12-36_Screenshot_1500.png,0.8521979
2025-07-01_23-12-36_Screenshot_1501.png,1.317165
2025-07-01_23-12-36_Screenshot_1502.png,2.14389
2025-07-01_23-12-36_Screenshot_1503.png,2.079381
2025-07-01_23-12-36_Screenshot_1504.png,1.665632
2025-07-01_23-12-36_Screenshot_1505.png,2.460012
2025-07-01_23-12-36_Screenshot_1506.png,1.636115
2025-07-01_23-12-36_Screenshot_1507.png,2.188625
2025-07-01_23-12-36_Screenshot_1508.png,1.020428
2025-07-01_23-12-36_Screenshot_1509.png,2.393094
2025-07-01_23-12-36_Screenshot_1510.png,2.152089
2025-07-01_23-12-36_Screenshot_1511.png,2.411949
2025-07-01_23-12-36_Screenshot_1512.png,2.018207
2025-07-01_23-12-36_Screenshot_1513.png,0.7905193
2025-07-01_23-12-36_Screenshot_1514.png,2.818434
2025-07-01_23-12-36_Screenshot_1515.png,1.499358
2025-07-01_23-12-36_Screenshot_1516.png,0.6518872
2025-07-01_23-12-36_Screenshot_1517.png,2.711474
2025-07-01_23-12-36_Screenshot_1518.png,2.945584
2025-07-01_23-12-36_Screenshot_1519.png,2.838165
2025-07-01_23-12-36_Screenshot_1520.png,2.561176
2025-07-01_23-12-36_Screenshot_1521.png,2.41884
2025-07-01_23-12-36_Screenshot_1522.png,0.8967065
2025-07-01_23-12-36_Screenshot_1523.png,2.985754
2025-07-01_23-12-36_Screenshot_1524.png,1.601537
2025-07-01_23-12-36_Screenshot_1525.png,1.076396
2025-07-01_23-12-36_Screenshot_1526.png,0.9587156
2025-07-01_23-12-36_Screenshot_1527.png,1.912722
2025-07-01_23-12-36_Screenshot_1528.png,0.9206571
2025-07-01_23-12-36_Screenshot_1529.png,1.538143
2025-07-01_23-12-36_Screenshot_1530.png,2.829555
2025-07-01_23-12-36_Screenshot_1531.png,2.620895
2025-07-01_23-12-36_Screenshot_1532.png,2.920754
2025-07-01_23-12-36_Screenshot_1533.png,2.997383
2025-07-01_23-12-36_Screenshot_1534.png,1.457786
2025-07-01_23-12-36_Screenshot_1535.png,2.711086
2025-07-01_23-12-36_Screenshot_1536.png,1.488351
2025-07-01_23-12-36_Screenshot_1537.png,0.7581072
2025-07-01_23-12-36_Screenshot_1538.png,1.953686
2025-07-01_23-12-36_Screenshot_1539.png,1.870788
2025-07-01_23-12-36_Screenshot_1540.png,2.228251
2025-07-01_23-12-36_Screenshot_1541.png,0.6141006
2025-07-01_23-12-36_Screenshot_1542.png,2.467623
2025-07-01_23-12-36_Screenshot_1543.png,2.481566
2025-07-01_23-12-36_Screenshot_1544.png,2.006434
2025-07-01_23-12-36_Screenshot_1545.png,1.34677
2025-07-01_23-12-36_Screenshot_1546.png,1.630236
2025-07-01_23-12-36_Screenshot_1547.png,0.8439257
2025-07-01_23-12-36_Screenshot_1548.png,1.955043
2025-07-01_23-12-36_Screenshot_1549.png,0.5858641
2025-07-01_23-12-36_Screenshot_1550.png,1.033807
2025-07-01_23-12-36_Screenshot_1551.png,2.863812
2025-07-01_23-12-36_Screenshot_1552.png,2.636462
2025-07-01_23-12-36_Screenshot_1553.png,2.210906
2025-07-01_23-12-36_Screenshot_1554.png,2.753187
2025-07-01_23-12-36_Screenshot_1555.png,1.514288
2025-07-01_23-12-36_Screenshot_1556.png,1.078931
2025-07-01_23-12-36_Screenshot_1557.png,2.56098
2025-07-01_23-12-36_Screenshot_1558.png,2.130899
2025-07-01_23-12-36_Screenshot_1559.png,2.671685
2025-07-01_23-12-36_Screenshot_1560.png,2.680475
2025-07-01_23-12-36_Screenshot_1561.png,1.634321
2025-07-01_23-12-36_Screenshot_1562.png,0.746864
2025-07-01_23-12-36_Screenshot_1563.png,1.415615
2025-07-01_23-12-36_Screenshot_1564.png,2.095182
2025-07-01_23-12-36_Screenshot_1565.png,1.991988
2025-07-01_23-12-36_Screenshot_1566.png,1.798436
2025-07-01_23-12-36_Screenshot_1567.png,2.608951
2025-07-01_23-12-36_Screenshot_1568.png,1.111616
2025-07-01_23-12-36_Screenshot_1569.png,2.718409
2025-07-01_23-12-36_Screenshot_1570.png,1.370489
2025-07-01_23-12-36_Screenshot_1571.png,0.5175422
2025-07-01_23-12-36_Screenshot_1572.png,2.367522
2025-07-01_23-12-36_Screenshot_1573.png,2.19136
2025-07-01_23-12-36_Screenshot_1574.png,1.300157
2025-07-01_23-12-36_Screenshot_1575.png,0.8220758
2025-07-01_23-12-36_Screenshot_1576.png,0.5771132
2025-07-01_23-12-36_Screenshot_1577.png,1.256449
2025-07-01_23-12-36_Screenshot_1578.png,1.263731
2025-07-01_23-12-36_Screenshot_1579.png,1.817513
2025-07-01_23-12-36_Screenshot_1580.png,1.411659
2025-07-01_23-12-36_Screenshot_1581.png,2.188024
2025-07-01_23-12-36_Screenshot_1582.png,0.8443187
2025-07-01_23-12-36_Screenshot_1583.png,1.546396
2025-07-01_23-12-36_Screenshot_1584.png,1.426398
2025-07-01_23-12-36_Screenshot_1585.png,2.969277
2025-07-01_23-12-36_Screenshot_1586.png,2.591026
2025-07-01_23-12-36_Screenshot_1587.png,0.958056
2025-07-01_23-12-36_Screenshot_1588.png,2.473571
2025-07-01_23-12-36_Screenshot_1589.png,0.5239292
2025-07-01_23-12-36_Screenshot_1590.png,0.8749537
2025-07-01_23-12-36_Screenshot_1591.png,1.999995
2025-07-01_23-12-36_Screenshot_1592.png,1.898412
2025-07-01_23-12-36_Screenshot_1593.png,1.733857
2025-07-01_23-12-36_Screenshot_1594.png,1.87627
2025-07-01_23-12-36_Screenshot_1595.png,1.670187
2025-07-01_23-12-36_Screenshot_1596.png,1.69471
2025-07-01_23-12-36_Screenshot_1597.png,1.386237
2025-07-01_23-12-36_Screenshot_1598.png,1.538424
2025-07-01_23-12-36_Screenshot_1599.png,2.446772
2025-07-01_23-12-36_Screenshot_1600.png,0.6134485
2025-07-01_23-12-36_Screenshot_1601.png,2.080613
2025-07-01_23-12-36_Screenshot_1602.png,2.998742
2025-07-01_23-12-36_Screenshot_1603.png,1.119432
2025-07-01_23-12-36_Screenshot_1604.png,1.354068
2025-07-01_23-12-36_Screenshot_1605.png,0.9951757
2025-07-01_23-12-36_Screenshot_1606.png,2.655028
2025-07-01_23-12-36_Screenshot_1607.png,1.234109
2025-07-01_23-12-36_Screenshot_1608.png,2.835017
2025-07-01_23-12-36_Screenshot_1609.png,1.200289
2025-07-01_23-12-36_Screenshot_1610.png,0.6509368
2025-07-01_23-12-36_Screenshot_1611.png,1.766506
2025-07-01_23-12-36_Screenshot_1612.png,1.819769
2025-07-01_23-12-36_Screenshot_1613.png,0.6521659
2025-07-01_23-12-36_Screenshot_1614.png,2.829004
2025-07-01_23-12-36_Screenshot_1615.png,2.343855
2025-07-01_23-12-36_Screenshot_1616.png,2.975335
2025-07-01_23-12-36_Screenshot_1617.png,1.625203
2025-07-01_23-12-36_Screenshot_1618.png,1.632226
2025-07-01_23-12-36_Screenshot_1619.png,1.604446
2025-07-01_23-12-36_Screenshot_1620.png,2.223297
2025-07-01_23-12-36_Screenshot_1621.png,0.8223473
2025-07-01_23-12-36_Screenshot_1622.png,2.579943
2025-07-01_23-12-36_Screenshot_1623.png,2.8339
2025-07-01_23-12-36_Screenshot_1624.png,1.246692
2025-07-01_23-12-36_Screenshot_1625.png,1.307764
2025-07-01_23-12-36_Screenshot_1626.png,2.8663
2025-07-01_23-12-36_Screenshot_1627.png,1.154037
2025-07-01_23-12-36_Screenshot_1628.png,1.934912
2025-07-01_23-12-36_Screenshot_1629.png,2.663234
2025-07-01_23-12-36_Screenshot_1630.png,0.6772693
2025-07-01_23-12-36_Screenshot_1631.png,2.449932
2025-07-01_23-12-36_Screenshot_1632.png,1.653369
2025-07-01_23-12-36_Screenshot_1633.png,1.301223
2025-07-01_23-12-36_Screenshot_1634.png,2.649126
2025-07-01_23-12-36_Screenshot_1635.png,2.442558
2025-07-01_23-12-36_Screenshot_1636.png,0.9999983
2025-07-01_23-12-36_Screenshot_1637.png,1.687648
2025-07-01_23-12-36_Screenshot_1638.png,0.8317478
2025-07-01_23-12-36_Screenshot_1639.png,0.6940832
2025-07-01_23-12-36_Screenshot_1640.png,1.851619
2025-07-01_23-12-36_Screenshot_1641.png,0.6784441
2025-07-01_23-12-36_Screenshot_1642.png,1.348497
2025-07-01_23-12-36_Screenshot_1643.png,1.169678
2025-07-01_23-12-36_Screenshot_1644.png,1.918218
2025-07-01_23-12-36_Screenshot_1645.png,1.863597
2025-07-01_23-12-36_Screenshot_1646.png,1.088241
2025-07-01_23-12-36_Screenshot_1647.png,2.677183
2025-07-01_23-12-36_Screenshot_1648.png,1.377552
2025-07-01_23-12-36_Screenshot_1649.png,2.06413
2025-07-01_23-12-36_Screenshot_1650.png,1.525963
2025-07-01_23-12-36_Screenshot_1651.png,0.9096499
2025-07-01_23-12-36_Screenshot_1652.png,1.306294
2025-07-01_23-12-36_Screenshot_1653.png,2.566292
2025-07-01_23-12-36_Screenshot_1654.png,1.449192
2025-07-01_23-12-36_Screenshot_1655.png,0.6090223
2025-07-01_23-12-36_Screenshot_1656.png,1.778844
2025-07-01_23-12-36_Screenshot_1657.png,2.913084
2025-07-01_23-12-36_Screenshot_1658.png,1.582593
2025-07-01_23-12-36_Screenshot_1659.png,1.940902
2025-07-01_23-12-36_Screenshot_1660.png,2.041202
2025-07-01_23-12-36_Screenshot_1661.png,1.301657
2025-07-01_23-12-36_Screenshot_1662.png,1.457681
2025-07-01_23-12-36_Screenshot_1663.png,1.022598
2025-07-01_23-12-36_Screenshot_1664.png,2.003541
2025-07-01_23-12-36_Screenshot_1665.png,1.101343
2025-07-01_23-12-36_Screenshot_1666.png,0.8361177
2025-07-01_23-12-36_Screenshot_1667.png,2.593997
2025-07-01_23-12-36_Screenshot_1668.png,2.958821
2025-07-01_23-12-36_Screenshot_1669.png,1.74448
2025-07-01_23-12-36_Screenshot_1670.png,0.6661327
2025-07-01_23-12-36_Screenshot_1671.png,2.539808
2025-07-01_23-12-36_Screenshot_1672.png,1.123583
2025-07-01_23-12-36_Screenshot_1673.png,1.417655
2025-07-01_23-12-36_Screenshot_1674.png,1.816659
2025-07-01_23-12-36_Screenshot_1675.png,2.092767
2025-07-01_23-12-36_Screenshot_1676.png,1.506539
2025-07-01_23-12-36_Screenshot_1677.png,2.216463
2025-07-01_23-12-36_Screenshot_1678.png,1.320805
2025-07-01_23-12-36_Screenshot_1679.png,2.518178
2025-07-01_23-12-36_Screenshot_1680.png,1.322615
2025-07-01_23-12-36_Screenshot_1681.png,2.452818
2025-07-01_23-12-36_Screenshot_1682.png,1.092612
2025-07-01_23-12-36_Screenshot_1683.png,0.5524837
2025-07-01_23-12-36_Screenshot_1684.png,2.316193
2025-07-01_23-12-36_Screenshot_1685.png,2.39007
2025-07-01_23-12-36_Screenshot_1686.png,2.691377
2025-07-01_23-12-36_Screenshot_1687.png,2.301729
2025-07-01_23-12-36_Screenshot_1688.png,2.337303
2025-07-01_23-12-36_Screenshot_1689.png,1.990099
2025-07-01_23-12-36_Screenshot_1690.png,1.713091
2025-07-01_23-12-36_Screenshot_1691.png,1.100211
2025-07-01_23-12-36_Screenshot_1692.png,1.00958
2025-07-01_23-12-36_Screenshot_1693.png,2.398586
2025-07-01_23-12-36_Screenshot_1694.png,0.7485159
2025-07-01_23-12-36_Screenshot_1695.png,0.5316438
2025-07-01_23-12-36_Screenshot_1696.png,1.915543
2025-07-01_23-12-36_Screenshot_1697.png,2.43328
2025-07-01_23-12-36_Screenshot_1698.png,1.971305
2025-07-01_23-12-36_Screenshot_1699.png,0.6269802
2025-07-01_23-12-36_Screenshot_1700.png,2.169271
2025-07-01_23-12-36_Screenshot_1701.png,2.2657
2025-07-01_23-12-36_Screenshot_1702.png,1.483362
2025-07-01_23-12-36_Screenshot_1703.png,0.7780962
2025-07-01_23-12-36_Screenshot_1704.png,1.731625
2025-07-01_23-12-36_Screenshot_1705.png,0.6418984
2025-07-01_23-12-36_Screenshot_1706.png,1.15052
2025-07-01_23-12-36_Screenshot_1707.png,0.8483108
2025-07-01_23-12-36_Screenshot_1708.png,1.2703
2025-07-01_23-12-36_Screenshot_1709.png,1.24166
2025-07-01_23-12-36_Screenshot_1710.png,2.031029
2025-07-01_23-12-36_Screenshot_1711.png,1.673099
2025-07-01_23-12-36_Screenshot_1712.png,1.836058
2025-07-01_23-12-36_Screenshot_1713.png,1.530366
2025-07-01_23-12-36_Screenshot_1714.png,1.907857
2025-07-01_23-12-36_Screenshot_1715.png,0.7831304
2025-07-01_23-12-36_Screenshot_1716.png,0.698656
2025-07-01_23-12-36_Screenshot_1717.png,2.957852
2025-07-01_23-12-36_Screenshot_1718.png,0.7157545
2025-07-01_23-12-36_Screenshot_1719.png,0.6799268
2025-07-01_23-12-36_Screenshot_1720.png,0.5134617
2025-07-01_23-12-36_Screenshot_1721.png,0.6799679
2025-07-01_23-12-36_Screenshot_1722.png,1.227629
2025-07-01_23-12-36_Screenshot_1723.png,1.441286
2025-07-01_23-12-36_Screenshot_1724.png,2.667557
2025-07-01_23-12-36_Screenshot_1725.png,1.452411
2025-07-01_23-12-36_Screenshot_1726.png,0.6545206
2025-07-01_23-12-36_Screenshot_1727.png,2.910407
2025-07-01_23-12-36_Screenshot_1728.png,0.9877135
2025-07-01_23-12-36_Screenshot_1729.png,2.393348
2025-07-01_23-12-36_Screenshot_1730.png,2.794892
2025-07-01_23-12-36_Screenshot_1731.png,2.779865
2025-07-01_23-12-36_Screenshot_1732.png,2.450657
2025-07-01_23-12-36_Screenshot_1733.png,1.344248
2025-07-01_23-12-36_Screenshot_1734.png,2.475548
2025-07-01_23-12-36_Screenshot_1735.png,2.567888
2025-07-01_23-12-36_Screenshot_1736.png,0.6861131
2025-07-01_23-12-36_Screenshot_1737.png,2.189983
2025-07-01_23-12-36_Screenshot_1738.png,1.910564
2025-07-01_23-12-36_Screenshot_1739.png,1.443494
2025-07-01_23-12-36_Screenshot_1740.png,0.7355817
2025-07-01_23-12-36_Screenshot_1741.png,0.6347342
2025-07-01_23-12-36_Screenshot_1742.png,2.326766
2025-07-01_23-12-36_Screenshot_1743.png,2.45905
2025-07-01_23-12-36_Screenshot_1744.png,1.653888
2025-07-01_23-12-36_Screenshot_1745.png,2.171281
2025-07-01_23-12-36_Screenshot_1746.png,1.762773
2025-07-01_23-12-36_Screenshot_1747.png,2.442297
2025-07-01_23-12-36_Screenshot_1748.png,0.7190408
2025-07-01_23-12-36_Screenshot_1749.png,1.139681
2025-07-01_23-12-36_Screenshot_1750.png,2.424315
2025-07-01_23-12-36_Screenshot_1751.png,1.622692
2025-07-01_23-12-36_Screenshot_1752.png,2.549115
2025-07-01_23-12-36_Screenshot_1753.png,0.7382842
2025-07-01_23-12-36_Screenshot_1754.png,2.228873
2025-07-01_23-12-36_Screenshot_1755.png,2.771132
2025-07-01_23-12-36_Screenshot_1756.png,2.228262
2025-07-01_23-12-36_Screenshot_1757.png,2.854952
2025-07-01_23-12-36_Screenshot_1758.png,2.798465
2025-07-01_23-12-36_Screenshot_1759.png,2.526057
2025-07-01_23-12-36_Screenshot_1760.png,1.283029
2025-07-01_23-12-36_Screenshot_1761.png,0.743381
2025-07-01_23-12-36_Screenshot_1762.png,2.257386
2025-07-01_23-12-36_Screenshot_1763.png,2.007509
2025-07-01_23-12-36_Screenshot_1764.png,2.437085
2025-07-01_23-12-36_Screenshot_1765.png,1.636726
2025-07-01_23-12-36_Screenshot_1766.png,0.8951922
2025-07-01_23-12-36_Screenshot_1767.png,1.640913
2025-07-01_23-12-36_Screenshot_1768.png,1.668243
2025-07-01_23-12-36_Screenshot_1769.png,1.009424
2025-07-01_23-12-36_Screenshot_1770.png,2.991992
2025-07-01_23-12-36_Screenshot_1771.png,2.272799
2025-07-01_23-12-36_Screenshot_1772.png,1.276966
2025-07-01_23-12-36_Screenshot_1773.png,2.282697
2025-07-01_23-12-36_Screenshot_1774.png,2.085117
2025-07-01_23-12-36_Screenshot_1775.png,2.067095
2025-07-01_23-12-36_Screenshot_1776.png,2.954595
2025-07-01_23-12-36_Screenshot_1777.png,1.981611
2025-07-01_23-12-36_Screenshot_1778.png,1.668771
2025-07-01_23-12-36_Screenshot_1779.png,1.474604
2025-07-01_23-12-36_Screenshot_1780.png,1.240038
2025-07-01_23-12-36_Screenshot_1781.png,1.003594
2025-07-01_23-12-36_Screenshot_1782.png,0.820788
2025-07-01_23-12-36_Screenshot_1783.png,2.308524
2025-07-01_23-12-36_Screenshot_1784.png,2.441773
2025-07-01_23-12-36_Screenshot_1785.png,1.509695
2025-07-01_23-12-36_Screenshot_1786.png,2.346046
2025-07-01_23-12-36_Screenshot_1787.png,1.269896
2025-07-01_23-12-36_Screenshot_1788.png,1.848256
2025-07-01_23-12-36_Screenshot_1789.png,0.8138235
2025-07-01_23-12-36_Screenshot_1790.png,0.5751555
2025-07-01_23-12-36_Screenshot_1791.png,0.6627907
2025-07-01_23-12-36_Screenshot_1792.png,1.028258
2025-07-01_23-12-36_Screenshot_1793.png,1.477813
2025-07-01_23-12-36_Screenshot_1794.png,2.167145
2025-07-01_23-12-36_Screenshot_1795.png,0.9248619
2025-07-01_23-12-36_Screenshot_1796.png,2.797554
2025-07-01_23-12-36_Screenshot_1797.png,1.986493
2025-07-01_23-12-36_Screenshot_1798.png,1.753874
2025-07-01_23-12-36_Screenshot_1799.png,1.735152
2025-07-01_23-12-36_Screenshot_1800.png,1.327163
2025-07-01_23-12-36_Screenshot_1801.png,2.612444
2025-07-01_23-12-36_Screenshot_1802.png,0.963011
2025-07-01_23-12-36_Screenshot_1803.png,0.7091169
2025-07-01_23-12-36_Screenshot_1804.png,1.488304
2025-07-01_23-12-36_Screenshot_1805.png,2.783501
2025-07-01_23-12-36_Screenshot_1806.png,1.118928
2025-07-01_23-12-36_Screenshot_1807.png,2.385991
2025-07-01_23-12-36_Screenshot_1808.png,0.8229758
2025-07-01_23-12-36_Screenshot_1809.png,2.71184
2025-07-01_23-12-36_Screenshot_1810.png,1.140042
2025-07-01_23-12-36_Screenshot_1811.png,1.584784
2025-07-01_23-12-36_Screenshot_1812.png,1.662683
2025-07-01_23-12-36_Screenshot_1813.png,0.8677005
2025-07-01_23-12-36_Screenshot_1814.png,0.8800526
2025-07-01_23-12-36_Screenshot_1815.png,1.360981
2025-07-01_23-12-36_Screenshot_1816.png,1.066245
2025-07-01_23-12-36_Screenshot_1817.png,0.8624299
2025-07-01_23-12-36_Screenshot_1818.png,2.194116
2025-07-01_23-12-36_Screenshot_1819.png,2.06585
2025-07-01_23-12-36_Screenshot_1820.png,1.819558
2025-07-01_23-12-36_Screenshot_1821.png,0.5690573
2025-07-01_23-12-36_Screenshot_1822.png,0.8849
2025-07-01_23-12-36_Screenshot_1823.png,2.833787
2025-07-01_23-12-36_Screenshot_1824.png,2.800863
2025-07-01_23-12-36_Screenshot_1825.png,2.77528
2025-07-01_23-12-36_Screenshot_1826.png,2.060497
2025-07-01_23-12-36_Screenshot_1827.png,0.9911801
2025-07-01_23-12-36_Screenshot_1828.png,1.582926
2025-07-01_23-12-36_Screenshot_1829.png,0.8930989
2025-07-01_23-12-36_Screenshot_1830.png,2.25718
2025-07-01_23-12-36_Screenshot_1831.png,0.9581654
2025-07-01_23-12-36_Screenshot_1832.png,1.594898
2025-07-01_23-12-36_Screenshot_1833.png,1.874495
2025-07-01_23-12-36_Screenshot_1834.png,2.249873
2025-07-01_23-12-36_Screenshot_1835.png,0.5845212
2025-07-01_23-12-36_Screenshot_1836.png,1.095864
2025-07-01_23-12-36_Screenshot_1837.png,0.5113952
2025-07-01_23-12-36_Screenshot_1838.png,2.511261
2025-07-01_23-12-36_Screenshot_1839.png,1.941181
2025-07-01_23-12-36_Screenshot_1840.png,1.416645
2025-07-01_23-12-36_Screenshot_1841.png,1.3165
2025-07-01_23-12-36_Screenshot_1842.png,2.672513
2025-07-01_23-12-36_Screenshot_1843.png,1.183645
2025-07-01_23-12-36_Screenshot_1844.png,0.6083738
2025-07-01_23-12-36_Screenshot_1845.png,0.711595
2025-07-01_23-12-36_Screenshot_1846.png,1.20757
2025-07-01_23-12-36_Screenshot_1847.png,1.431906
2025-07-01_23-12-36_Screenshot_1848.png,1.496629
2025-07-01_23-12-36_Screenshot_1849.png,1.705764
2025-07-01_23-12-36_Screenshot_1850.png,2.853545
2025-07-01_23-12-36_Screenshot_1851.png,2.480876
2025-07-01_23-12-36_Screenshot_1852.png,2.447927
2025-07-01_23-12-36_Screenshot_1853.png,1.227432
2025-07-01_23-12-36_Screenshot_1854.png,2.676813
2025-07-01_23-12-36_Screenshot_1855.png,2.014473
2025-07-01_23-12-36_Screenshot_1856.png,1.260472
2025-07-01_23-12-36_Screenshot_1857.png,0.8879851
2025-07-01_23-12-36_Screenshot_1858.png,2.35002
2025-07-01_23-12-36_Screenshot_1859.png,0.797783
2025-07-01_23-12-36_Screenshot_1860.png,1.440345
2025-07-01_23-12-36_Screenshot_1861.png,2.850358
2025-07-01_23-12-36_Screenshot_1862.png,2.932087
2025-07-01_23-12-36_Screenshot_1863.png,1.564597
2025-07-01_23-12-36_Screenshot_1864.png,1.173691
2025-07-01_23-12-36_Screenshot_1865.png,1.394068
2025-07-01_23-12-36_Screenshot_1866.png,0.7539164
2025-07-01_23-12-36_Screenshot_1867.png,1.927601
2025-07-01_23-12-36_Screenshot_1868.png,2.793972
2025-07-01_23-12-36_Screenshot_1869.png,2.711552
2025-07-01_23-12-36_Screenshot_1870.png,0.9167202
2025-07-01_23-12-36_Screenshot_1871.png,0.6713917
2025-07-01_23-12-36_Screenshot_1872.png,0.8163332
2025-07-01_23-12-36_Screenshot_1873.png,1.58319
2025-07-01_23-12-36_Screenshot_1874.png,1.104417
2025-07-01_23-12-36_Screenshot_1875.png,1.261649
2025-07-01_23-12-36_Screenshot_1876.png,0.5178888
2025-07-01_23-12-36_Screenshot_1877.png,1.131421
2025-07-01_23-12-36_Screenshot_1878.png,2.764013
2025-07-01_23-12-36_Screenshot_1879.png,2.241145
2025-07-01_23-12-36_Screenshot_1880.png,0.7783832
2025-07-01_23-12-36_Screenshot_1881.png,2.096311
2025-07-01_23-12-36_Screenshot_1882.png,1.577768
2025-07-01_23-12-36_Screenshot_1883.png,2.298607
2025-07-01_23-12-36_Screenshot_1884.png,2.466063
2025-07-01_23-12-36_Screenshot_1885.png,2.980778
2025-07-01_23-12-36_Screenshot_1886.png,1.583931
2025-07-01_23-12-36_Screenshot_1887.png,0.8529531
2025-07-01_23-12-36_Screenshot_1888.png,1.436286
2025-07-01_23-12-36_Screenshot_1889.png,2.723496
2025-07-01_23-12-36_Screenshot_1890.png,1.369615
2025-07-01_23-12-36_Screenshot_1891.png,1.482983
2025-07-01_23-12-36_Screenshot_1892.png,0.7839938
2025-07-01_23-12-36_Screenshot_1893.png,1.399515
2025-07-01_23-12-36_Screenshot_1894.png,1.333179
2025-07-01_23-12-36_Screenshot_1895.png,1.837818
2025-07-01_23-12-36_Screenshot_1896.png,1.644347
2025-07-01_23-12-36_Screenshot_1897.png,2.715085
2025-07-01_23-12-36_Screenshot_1898.png,1.156089
2025-07-01_23-12-36_Screenshot_1899.png,1.193902
2025-07-01_23-12-36_Screenshot_1900.png,0.7865607
2025-07-01_23-12-36_Screenshot_1901.png,2.842123
2025-07-01_23-12-36_Screenshot_1902.png,1.195963
2025-07-01_23-12-36_Screenshot_1903.png,2.551162
2025-07-01_23-12-36_Screenshot_1904.png,1.794127
2025-07-01_23-12-36_Screenshot_1905.png,1.807397
2025-07-01_23-12-36_Screenshot_1906.png,0.6336566
2025-07-01_23-12-36_Screenshot_1907.png,0.5845149
2025-07-01_23-12-36_Screenshot_1908.png,0.5673512
2025-07-01_23-12-36_Screenshot_1909.png,1.040817
2025-07-01_23-12-36_Screenshot_1910.png,1.668445
2025-07-01_23-12-36_Screenshot_1911.png,2.702082
2025-07-01_23-12-36_Screenshot_1912.png,0.9990819
2025-07-01_23-12-36_Screenshot_1913.png,1.386291
2025-07-01_23-12-36_Screenshot_1914.png,2.204516
2025-07-01_23-12-36_Screenshot_1915.png,1.71702
2025-07-01_23-12-36_Screenshot_1916.png,1.835817
2025-07-01_23-12-36_Screenshot_1917.png,0.8654692
2025-07-01_23-12-36_Screenshot_1918.png,2.069297
2025-07-01_23-12-36_Screenshot_1919.png,1.515957
2025-07-01_23-12-36_Screenshot_1920.png,2.07329
2025-07-01_23-12-36_Screenshot_1921.png,2.041148
2025-07-01_23-12-36_Screenshot_1922.png,1.707162
2025-07-01_23-12-36_Screenshot_1923.png,0.771467
2025-07-01_23-12-36_Screenshot_1924.png,1.718724
2025-07-01_23-12-36_Screenshot_1925.png,2.200122
2025-07-01_23-12-36_Screenshot_1926.png,0.7099887
2025-07-01_23-12-36_Screenshot_1927.png,2.736446
2025-07-01_23-12-36_Screenshot_1928.png,1.356858
2025-07-01_23-12-36_Screenshot_1929.png,1.842776
2025-07-01_23-12-36_Screenshot_1930.png,1.642366
2025-07-01_23-12-36_Screenshot_1931.png,1.96437
2025-07-01_23-12-36_Screenshot_1932.png,2.055341
2025-07-01_23-12-36_Screenshot_1933.png,1.127061
2025-07-01_23-12-36_Screenshot_1934.png,2.848624
2025-07-01_23-12-36_Screenshot_1935.png,2.740175
2025-07-01_23-12-36_Screenshot_1936.png,1.075284
2025-07-01_23-12-36_Screenshot_1937.png,0.5629491
2025-07-01_23-12-36_Screenshot_1938.png,2.722169
2025-07-01_23-12-36_Screenshot_1939.png,0.6236573
2025-07-01_23-12-36_Screenshot_1940.png,1.207534
2025-07-01_23-12-36_Screenshot_1941.png,1.617249
2025-07-01_23-12-36_Screenshot_1942.png,0.6518884
2025-07-01_23-12-36_Screenshot_1943.png,1.997292
2025-07-01_23-12-36_Screenshot_1944.png,0.7515155
2025-07-01_23-12-36_Screenshot_1945.png,2.297531
2025-07-01_23-12-36_Screenshot_1946.png,1.317323
2025-07-01_23-12-36_Screenshot_1947.png,1.743038
2025-07-01_23-12-36_Screenshot_1948.png,1.866719
2025-07-01_23-12-36_Screenshot_1949.png,2.235626
2025-07-01_23-12-36_Screenshot_1950.png,0.5264966
2025-07-01_23-12-36_Screenshot_1951.png,2.29459
2025-07-01_23-12-36_Screenshot_1952.png,2.441077
2025-07-01_23-12-36_Screenshot_1953.png,2.781107
2025-07-01_23-12-36_Screenshot_1954.png,2.834184
2025-07-01_23-12-36_Screenshot_1955.png,2.221586
2025-07-01_23-12-36_Screenshot_1956.png,1.031091
2025-07-01_23-12-36_Screenshot_1957.png,1.127126
2025-07-01_23-12-36_Screenshot_1958.png,2.946434
2025-07-01_23-12-36_Screenshot_1959.png,2.164447
2025-07-01_23-12-36_Screenshot_1960.png,0.5151473
2025-07-01_23-12-36_Screenshot_1961.png,2.242463
2025-07-01_23-12-36_Screenshot_1962.png,2.531437
2025-07-01_23-12-36_Screenshot_1963.png,1.733812
2025-07-01_23-12-36_Screenshot_1964.png,1.360049
2025-07-01_23-12-36_Screenshot_1965.png,2.895779
2025-07-01_23-12-36_Screenshot_1966.png,2.988196
2025-07-01_23-12-36_Screenshot_1967.png,1.971077
2025-07-01_23-12-36_Screenshot_1968.png,2.025205
2025-07-01_23-12-36_Screenshot_1969.png,0.7890578
2025-07-01_23-12-36_Screenshot_1970.png,0.9803756
2025-07-01_23-12-36_Screenshot_1971.png,2.704896
2025-07-01_23-12-36_Screenshot_1972.png,2.578413
2025-07-01_23-12-36_Screenshot_1973.png,2.301865
2025-07-01_23-12-36_Screenshot_1974.png,2.739825
2025-07-01_23-12-36_Screenshot_1975.png,2.640558
2025-07-01_23-12-36_Screenshot_1976.png,1.482851
2025-07-01_23-12-36_Screenshot_1977.png,2.037059
2025-07-01_23-12-36_Screenshot_1978.png,0.5435427
2025-07-01_23-12-36_Screenshot_1979.png,0.5025472
2025-07-01_23-12-36_Screenshot_1980.png,2.825646
2025-07-01_23-12-36_Screenshot_1981.png,1.068044
2025-07-01_23-12-36_Screenshot_1982.png,2.197049
2025-07-01_23-12-36_Screenshot_1983.png,1.163374
2025-07-01_23-12-36_Screenshot_1984.png,2.367518
2025-07-01_23-12-36_Screenshot_1985.png,1.01917
2025-07-01_23-12-36_Screenshot_1986.png,2.669926
2025-07-01_23-12-36_Screenshot_1987.png,1.902806
2025-07-01_23-12-36_Screenshot_1988.png,2.31601
2025-07-01_23-12-36_Screenshot_1989.png,1.044374
2025-07-01_23-12-36_Screenshot_1990.png,1.58182
2025-07-01_23-12-36_Screenshot_1991.png,0.9525891
2025-07-01_23-12-36_Screenshot_1992.png,1.638393
2025-07-01_23-12-36_Screenshot_1993.png,2.013618
2025-07-01_23-12-36_Screenshot_1994.png,2.380112
2025-07-01_23-12-36_Screenshot_1995.png,2.661217
2025-07-01_23-12-36_Screenshot_1996.png,1.960947
2025-07-01_23-12-36_Screenshot_1997.png,1.786905
2025-07-01_23-12-36_Screenshot_1998.png,1.09858
2025-07-01_23-12-36_Screenshot_1999.png,2.535985
